개설영역,학년,학수번호,교과목명,강의계획서,전필,온라인,P/F,원어,Team Teaching,담당교수,학점,시간,강의시간/강의실,신청/제한인원,예비수강신청,비고
미네르바인문 (글로벌),1,Y12101601,미네르바인문(1)읽기와 쓰기,있음,N,N,N,N,N,나영남,3,3,월 1 2 3 (2313),44 / 45,48,
미네르바인문 (글로벌),1,Y12101602,미네르바인문(1)읽기와 쓰기,있음,N,N,N,N,N,나영남,3,3,월 7 8 9 (2313),45 / 45,60,
미네르바인문 (글로벌),1,Y12101603,미네르바인문(1)읽기와 쓰기,있음,N,N,N,N,N,나영남,3,3,수 1 2 3 (2313),45 / 45,66,
미네르바인문 (글로벌),1,Y12101604,미네르바인문(1)읽기와 쓰기,있음,N,N,N,N,N,나영남,3,3,수 4 5 6 (2313),44 / 45,81,
미네르바인문 (글로벌),1,Y12101605,미네르바인문(1)읽기와 쓰기,있음,N,N,N,N,N,박남용,3,3,월 1 2 3 (2406),43 / 45,29,
미네르바인문 (글로벌),1,Y12101606,미네르바인문(1)읽기와 쓰기,있음,N,N,N,N,N,박남용,3,3,월 7 8 9 (2406),43 / 45,44,
미네르바인문 (글로벌),1,Y12101607,미네르바인문(1)읽기와 쓰기,있음,N,N,N,N,N,박남용,3,3,목 1 2 3 (2406),40 / 45,21,
미네르바인문 (글로벌),1,Y12101608,미네르바인문(1)읽기와 쓰기,있음,N,N,N,N,N,박남용,3,3,목 7 8 9 (2406),41 / 45,39,
미네르바인문 (글로벌),1,Y12101609,미네르바인문(1)읽기와 쓰기,있음,N,N,N,N,N,양선이,3,3,월 4 5 6 (2213),45 / 45,83,
미네르바인문 (글로벌),1,Y12101610,미네르바인문(1)읽기와 쓰기,있음,N,N,N,N,N,양선이,3,3,월 7 8 9 (2213),45 / 45,81,
미네르바인문 (글로벌),1,Y12101611,미네르바인문(1)읽기와 쓰기,있음,N,N,N,N,N,양선이,3,3,수 4 5 6 (2213),45 / 45,114,
미네르바인문 (글로벌),1,Y12101612,미네르바인문(1)읽기와 쓰기,있음,N,N,N,N,N,양선이,3,3,목 4 5 6 (2213),43 / 45,91,
미네르바인문 (글로벌),1,Y12101613,미네르바인문(1)읽기와 쓰기,있음,N,N,N,N,N,이정은,3,3,화 1 2 3 (2413),45 / 45,36,
미네르바인문 (글로벌),1,Y12101614,미네르바인문(1)읽기와 쓰기,있음,N,N,N,N,N,이정은,3,3,화 4 5 6 (2413),44 / 45,56,
미네르바인문 (글로벌),1,Y12101615,미네르바인문(1)읽기와 쓰기,있음,N,N,N,N,N,이정은,3,3,수 1 2 3 (2506),45 / 45,32,
미네르바인문 (글로벌),1,Y12101616,미네르바인문(1)읽기와 쓰기,있음,N,N,N,N,N,이정은,3,3,수 4 5 6 (2506),44 / 45,78,
미네르바인문 (글로벌),1,Y12101617,미네르바인문(1)읽기와 쓰기,있음,N,N,N,N,N,조준래,3,3,화 1 2 3 (2303),44 / 45,37,
미네르바인문 (글로벌),1,Y12101618,미네르바인문(1)읽기와 쓰기,있음,N,N,N,N,N,조준래,3,3,화 7 8 9 (2303),44 / 45,69,
미네르바인문 (글로벌),1,Y12101619,미네르바인문(1)읽기와 쓰기,있음,N,N,N,N,N,조준래,3,3,수 4 5 6 (2309),45 / 45,79,
미네르바인문 (글로벌),1,Y12101620,미네르바인문(1)읽기와 쓰기,있음,N,N,N,N,N,조준래,3,3,목 4 5 6 (2309),44 / 45,84,
미네르바인문 (글로벌),1,Y12101621,미네르바인문(1)읽기와 쓰기,있음,N,N,N,N,N,박소영,3,3,목 1 2 3 (2517),43 / 45,56,
미네르바인문 (글로벌),1,Y12101622,미네르바인문(1)읽기와 쓰기,있음,N,N,N,N,N,박소영,3,3,목 7 8 9 (2517),44 / 45,84,
미네르바인문 (글로벌),1,Y12101623,미네르바인문(1)읽기와 쓰기,있음,N,N,N,N,N,진은경,3,3,화 1 2 3 (2513),45 / 45,29,
미네르바인문 (글로벌),1,Y12101624,미네르바인문(1)읽기와 쓰기,있음,N,N,N,N,N,진은경,3,3,화 7 8 9 (2513),43 / 45,51,
미네르바인문 (글로벌),1,Y12101625,미네르바인문(1)읽기와 쓰기,있음,N,N,N,N,N,최재유,3,3,월 7 8 9 (2413),45 / 45,36,
미네르바인문 (글로벌),1,Y12101626,미네르바인문(1)읽기와 쓰기,있음,N,N,N,N,N,최재유,3,3,월 4 5 6 (2413),45 / 45,54,
미네르바인문 (글로벌),1,Y12101627,미네르바인문(1)읽기와 쓰기,있음,N,N,N,N,N,김세원,3,3,금 4 5 6 (2413),41 / 45,25,
미네르바인문 (글로벌),1,Y12101628,미네르바인문(1)읽기와 쓰기,있음,N,N,N,N,N,지여정,3,3,금 1 2 3 (2512),39 / 45,28,
미네르바인문 (글로벌),1,Y12101629,미네르바인문(1)읽기와 쓰기,있음,N,N,N,N,N,지여정,3,3,금 4 5 6 (2512),43 / 45,26,
미네르바인문 (글로벌),1,Y12101630,미네르바인문(1)읽기와 쓰기,있음,N,N,N,N,N,오현희,3,3,월 7 8 9 (2414),45 / 45,61,
미네르바인문 (글로벌),1,Y12101631,미네르바인문(1)읽기와 쓰기,있음,N,N,N,N,N,오현희,3,3,금 4 5 6 (2414),43 / 45,31,
미네르바인문 (글로벌),1,Y12101632,미네르바인문(1)읽기와 쓰기,있음,N,N,N,N,N,정중석,3,3,수 1 2 3 (2413),44 / 45,32,
미네르바인문 (글로벌),1,Y12101633,미네르바인문(1)읽기와 쓰기,있음,N,N,N,N,N,정중석,3,3,수 7 8 9 (2413),40 / 45,34,
미네르바인문 (글로벌),1,Y12101634,미네르바인문(1)읽기와 쓰기,있음,N,N,N,N,N,박성준,3,3,금 1 2 3 (2411),7 / 45,9,
미네르바인문 (글로벌),1,Y12101635,미네르바인문(1)읽기와 쓰기,있음,N,N,N,N,N,박성준,3,3,금 4 5 6 (2411),9 / 45,5,
미네르바인문 (글로벌),1,Y12101636,미네르바인문(1)읽기와 쓰기,있음,N,N,N,N,N,이현정,3,3,목 4 5 6 (2416),43 / 45,23,
미네르바인문 (글로벌),1,Y12101637,미네르바인문(1)읽기와 쓰기,있음,N,N,N,N,N,박소영,3,3,목 4 5 6 (2517),45 / 45,48,
미네르바인문 (글로벌),1,Y12101638,미네르바인문(1)읽기와 쓰기,있음,N,N,N,N,N,임익희,3,3,화 1 2 3 (2309),20 / 45,13,
미네르바인문 (글로벌),1,Y12101639,미네르바인문(1)읽기와 쓰기,있음,N,N,N,N,N,임익희,3,3,화 4 5 6 (2309),39 / 45,19,
미네르바인문 (글로벌),1,Y12101640,미네르바인문(1)읽기와 쓰기,있음,N,N,N,N,N,김남희,3,3,화 4 5 6 (2512),44 / 45,21,
미네르바인문 (글로벌),1,Y12101641,미네르바인문(1)읽기와 쓰기,있음,N,N,N,N,N,김남희,3,3,화 7 8 9 (2512),45 / 45,20,
미네르바인문 (글로벌),1,Y12101642,미네르바인문(1)읽기와 쓰기,있음,N,N,N,N,N,박은정,3,3,목 1 2 3 (2512),44 / 45,17,
미네르바인문 (글로벌),1,Y12101643,미네르바인문(1)읽기와 쓰기,있음,N,N,N,N,N,박은정,3,3,목 7 8 9 (2512),41 / 45,27,
미네르바인문 (글로벌),1,Y12101644,미네르바인문(1)읽기와 쓰기,있음,N,N,N,N,N,김성수,3,3,수 7 8 9 (2414),44 / 45,24,
미네르바인문 (글로벌),1,Y12101645,미네르바인문(1)읽기와 쓰기,있음,N,N,N,N,N,서세영,3,3,목 1 2 3 (2415),9 / 45,5,
미네르바인문 (글로벌),1,Y12101646,미네르바인문(1)읽기와 쓰기,있음,N,N,N,N,N,서세영,3,3,목 7 8 9 (2415),40 / 45,24,
RC영어 (글로벌),1,X00102101,Communication in English (RC),있음,N,N,N,Y,N,Frazer Johnston-Theasby,2,2,목 7 8 (0411),21 / 30,18,융합인재대학 전용강좌 / 'RC영어' 필수 이수 수강생 우선 수강 권장
RC영어 (글로벌),1,X00101101,Media English (RC),있음,N,N,N,Y,N,Anika Jean Casem,2,2,월 7 8 (0412),15 / 30,11,"경상대학, 공과대학, 바이오메디컬공학부, 융합인재대학 전용강좌 / 'RC영어' 필수 이수 수강생 우선 수강 권장"
RC영어 (글로벌),1,X00103101,TOEIC Speaking (RC),있음,N,N,N,N,N,김지혜,2,2,목 1 2 (0513),15 / 30,12,"경상대학, 공과대학, 바이오메디컬공학부, 융합인재대학 전용강좌 / 'RC영어' 필수 이수 수강생 우선 수강 권장"
RC영어 (글로벌),1,X00103102,TOEIC Speaking (RC),있음,N,N,N,N,N,김지혜,2,2,목 5 6 (0513),30 / 30,24,"경상대학, 공과대학, 바이오메디컬공학부, 융합인재대학 전용강좌 / 'RC영어' 필수 이수 수강생 우선 수강 권장"
RC영어 (글로벌),,X00105101,English for Engineering (RC),있음,N,N,N,Y,N,Nicolas Caballero,2,2,금 5 6 (0411),15 / 30,12,"공과대학, 바이오메디컬학부 전용강좌 / 'RC영어' 필수 이수 수강생 우선 수강 권장"
RC영어 (글로벌),,X00104101,English for Management (RC),있음,N,N,N,Y,N,James Iain Finnie,2,2,화 5 6 (0410),14 / 30,3,경상대학 전용강좌 / 'RC영어' 필수 이수 수강생 우선 수강 권장
소프트웨어기초 (글로벌),1,U51041401,정보사회의통계활용,있음,N,N,N,N,N,이윤재,3,3,수 1 2 3 (2414),49 / 50,46,"공과대학 전체, 통계학과(주전공, 이중전공, 부전공 포함), 수학과 수강 금지"
소프트웨어기초 (글로벌),1,U72207401,컴퓨터프로그래밍,있음,N,N,N,Y,N,MOHSEN ALI MOHSEN ALAWAMI,3,3,화 1 2 목 3 (5308),29 / 50,30,소프트웨어 전공자 수강반 / 신입생반
소프트웨어기초 (글로벌),1,U72207402,컴퓨터프로그래밍,있음,N,N,N,Y,N,Walid Abdullah Al,3,3,화 3 목 1 2 (5406),64 / 65,53,소프트웨어 전공자 수강반 / 신입생반
소프트웨어기초 (글로벌),1,U72207403,컴퓨터프로그래밍,있음,N,N,N,N,N,김상철,3,3,화 3 목 1 2 (5313),33 / 50,23,소프트웨어 전공자 수강반
소프트웨어기초 (글로벌),1,U72207404,컴퓨터프로그래밍,있음,N,N,N,N,N,권오병,3,3,화 4 5 6 (5406),64 / 64,76,소프트웨어 전공자 수강반
소프트웨어기초 (글로벌),1,U72207405,컴퓨터프로그래밍,있음,N,N,N,N,N,부준호,3,3,월 7 8 수 6 (5303),50 / 60,47,반도체전기전자계열 수강반
소프트웨어기초 (글로벌),1,U72207406,컴퓨터프로그래밍,있음,N,N,N,N,N,이정훈,3,3,화 5 6 수 4 (5405),53 / 60,53,반도체전기전자계열 수강반
소프트웨어기초 (글로벌),1,U72207407,컴퓨터프로그래밍,있음,N,N,N,N,N,김경숙,3,3,금 1 2 3 (2214-1),72 / 105,72,"전 계열(소프트웨어 전공자, 전기전자계열 제외) 수강반"
소프트웨어기초 (글로벌),1,Y55129401,컴퓨팅사고,있음,N,N,N,N,N,장익범,3,3,화 7 8 (5405),47 / 50,102,소프트웨어 전공자 수강반 / 신입생반
소프트웨어기초 (글로벌),1,Y55129402,컴퓨팅사고,있음,N,N,N,N,N,최재영,3,3,화 7 8 (5406),48 / 50,74,소프트웨어 전공자 수강반 / 신입생반
소프트웨어기초 (글로벌),1,Y55129403,컴퓨팅사고,있음,N,N,N,N,N,이민나,3,3,목 1 2 (2515),58 / 70,76,소프트웨어 전공자 수강반
소프트웨어기초 (글로벌),1,Y55129404,컴퓨팅사고,있음,N,N,N,N,N,한영진,3,3,수 1 2 (4207),40 / 40,61,경상계열 수강반
소프트웨어기초 (글로벌),1,Y55129405,컴퓨팅사고,있음,N,N,N,N,N,한영진,3,3,수 7 8 (4212),38 / 40,81,경상계열 수강반
소프트웨어기초 (글로벌),1,Y55129406,컴퓨팅사고,있음,N,N,N,N,N,김경숙,3,3,금 5 6 (2301),103 / 105,93,"전 계열(소프트웨어 전공자, 경상계열 제외) 수강반"
소프트웨어기초 (글로벌),1,Y55129407,컴퓨팅사고,있음,N,N,N,N,N,김경숙,3,3,금 7 8 (2301),100 / 105,105,"전 계열(소프트웨어 전공자, 경상계열 제외) 수강반"
소프트웨어기초 (글로벌),1,Y55129408,컴퓨팅사고,있음,N,N,N,N,N,이민나,3,3,화 1 2 (2213),99 / 105,109,"전 계열(소프트웨어 전공자, 경상계열 제외) 수강반"
소프트웨어기초 (글로벌),1,Y55129409,컴퓨팅사고,있음,N,N,N,N,N,최희식,3,3,월 7 8 (2201),105 / 105,175,"전 계열(소프트웨어 전공자, 경상계열 제외) 수강반"
소프트웨어기초 (글로벌),1,Y55129410,컴퓨팅사고,있음,N,N,N,N,N,문영인,3,3,목 7 8 (2301),104 / 105,205,"전 계열(소프트웨어 전공자, 경상계열 제외) 수강반"
소프트웨어기초 (글로벌),1,Y55129411,컴퓨팅사고,있음,N,N,N,N,N,이화주,3,3,월 3 4 (2401),88 / 105,63,"전 계열(소프트웨어 전공자, 경상계열 제외) 수강반"
소프트웨어기초 (글로벌),1,Y55129412,컴퓨팅사고,있음,N,N,N,N,N,이화주,3,3,월 7 8 (2401),103 / 105,81,"전 계열(소프트웨어 전공자, 경상계열 제외) 수강반"
소프트웨어기초 (글로벌),1,Y55129413,컴퓨팅사고,있음,N,N,N,N,N,이화주,3,3,월 5 6 (2401),104 / 105,80,"전 계열(소프트웨어 전공자, 경상계열 제외) 수강반"
소프트웨어기초 (글로벌),1,Y55129414,컴퓨팅사고,있음,N,N,N,N,N,박정윤,3,3,화 7 8 (5307),25 / 50,17,소프트웨어 전공자 수강반
COLLEGE ENGLISH (글로벌),1,X00106101,College English Advanced(L/S),있음,N,N,N,Y,N,Joseph Martin Greenwood,3,3,화 1 2 3 (2509),20 / 20,19,S+A등급반
COLLEGE ENGLISH (글로벌),1,X00106102,College English Advanced(L/S),있음,N,N,N,Y,N,Joseph Martin Greenwood,3,3,화 4 5 6 (2509),20 / 20,28,S+A등급반
COLLEGE ENGLISH (글로벌),1,X00106103,College English Advanced(L/S),있음,N,N,N,Y,N,Joseph Martin Greenwood,3,3,금 1 2 3 (2509),19 / 20,19,S+A등급반
COLLEGE ENGLISH (글로벌),1,X00106104,College English Advanced(L/S),있음,N,N,N,Y,N,Joseph Martin Greenwood,3,3,금 4 5 6 (2509),18 / 20,13,S+A등급반
COLLEGE ENGLISH (글로벌),1,X00106105,College English Advanced(L/S),있음,N,N,N,Y,N,Ryan Richard Fitzgerald,3,3,월 4 5 6 (2513),20 / 20,22,S+A등급반
COLLEGE ENGLISH (글로벌),1,X00106106,College English Advanced(L/S),있음,N,N,N,Y,N,Ryan Richard Fitzgerald,3,3,월 7 8 9 (2513),20 / 20,20,S+A등급반
COLLEGE ENGLISH (글로벌),1,X00106107,College English Advanced(L/S),있음,N,N,N,Y,N,Ryan Richard Fitzgerald,3,3,목 1 2 3 (2513),20 / 20,30,S+A등급반
COLLEGE ENGLISH (글로벌),1,X00106108,College English Advanced(L/S),있음,N,N,N,Y,N,Ryan Richard Fitzgerald,3,3,목 4 5 6 (2513),19 / 20,20,S+A등급반
COLLEGE ENGLISH (글로벌),1,X00106109,College English Advanced(L/S),있음,N,N,N,Y,N,Ryan Richard Fitzgerald,3,3,목 7 8 9 (2513),20 / 20,29,S+A등급반
COLLEGE ENGLISH (글로벌),1,X00109101,College English Advanced(R/W),있음,N,N,N,Y,N,Joseph Martin Greenwood,3,3,월 1 2 3 (2509),20 / 20,20,S+A등급반
COLLEGE ENGLISH (글로벌),1,X00109102,College English Advanced(R/W),있음,N,N,N,Y,N,Joseph Martin Greenwood,3,3,월 4 5 6 (2509),20 / 20,15,S+A등급반
COLLEGE ENGLISH (글로벌),1,X00109103,College English Advanced(R/W),있음,N,N,N,Y,N,Joseph Martin Greenwood,3,3,수 4 5 6 (2509),19 / 20,37,S+A등급반
COLLEGE ENGLISH (글로벌),1,X00109104,College English Advanced(R/W),있음,N,N,N,Y,N,Joseph Martin Greenwood,3,3,수 7 8 9 (2509),20 / 20,20,S+A등급반
COLLEGE ENGLISH (글로벌),1,X00109105,College English Advanced(R/W),있음,N,N,N,Y,N,Alice Julianna Yoo,3,3,월 7 8 9 (0405),20 / 20,24,S+A등급반
COLLEGE ENGLISH (글로벌),1,X00109106,College English Advanced(R/W),있음,N,N,N,Y,N,Alice Julianna Yoo,3,3,화 1 2 3 (0409),20 / 20,18,S+A등급반
COLLEGE ENGLISH (글로벌),1,X00109107,College English Advanced(R/W),있음,N,N,N,Y,N,Alice Julianna Yoo,3,3,화 4 5 6 (0409),20 / 20,28,S+A등급반
COLLEGE ENGLISH (글로벌),1,X00109108,College English Advanced(R/W),있음,N,N,N,Y,N,Alice Julianna Yoo,3,3,목 4 5 6 (2510),20 / 20,16,S+A등급반
COLLEGE ENGLISH (글로벌),1,X00109109,College English Advanced(R/W),있음,N,N,N,Y,N,Alice Julianna Yoo,3,3,목 7 8 9 (2510),20 / 20,14,S+A등급반
COLLEGE ENGLISH (글로벌),1,X00107101,College English Intermediate(L/S),있음,N,N,N,Y,N,Michael Randall Muchowski,3,3,월 1 2 3 (2507),20 / 20,25,B등급반
COLLEGE ENGLISH (글로벌),1,X00107102,College English Intermediate(L/S),있음,N,N,N,Y,N,Michael Randall Muchowski,3,3,월 4 5 6 (2507),20 / 20,13,B등급반
COLLEGE ENGLISH (글로벌),1,X00107103,College English Intermediate(L/S),있음,N,N,N,Y,N,Michael Randall Muchowski,3,3,목 4 5 6 (2507),19 / 20,23,B등급반
COLLEGE ENGLISH (글로벌),1,X00107104,College English Intermediate(L/S),있음,N,N,N,Y,N,Michael Randall Muchowski,3,3,목 7 8 9 (2507),20 / 20,24,B등급반
COLLEGE ENGLISH (글로벌),1,X00107105,College English Intermediate(L/S),있음,N,N,N,Y,N,Molly Clare Fleming,3,3,수 1 2 3 (2509-1),20 / 20,32,B등급반
COLLEGE ENGLISH (글로벌),1,X00107106,College English Intermediate(L/S),있음,N,N,N,Y,N,Molly Clare Fleming,3,3,금 1 2 3 (2509-1),20 / 20,24,B등급반
COLLEGE ENGLISH (글로벌),1,X00107107,College English Intermediate(L/S),있음,N,N,N,Y,N,Molly Clare Fleming,3,3,금 4 5 6 (2509-1),20 / 20,22,B등급반
COLLEGE ENGLISH (글로벌),1,X00107108,College English Intermediate(L/S),있음,N,N,N,Y,N,Frazer Johnston-Theasby,3,3,월 1 2 3 (2508),20 / 20,19,B등급반
COLLEGE ENGLISH (글로벌),1,X00107109,College English Intermediate(L/S),있음,N,N,N,Y,N,Frazer Johnston-Theasby,3,3,월 4 5 6 (2508-1),20 / 20,33,B등급반
COLLEGE ENGLISH (글로벌),1,X00107110,College English Intermediate(L/S),있음,N,N,N,Y,N,Scott Michael Henderson,3,3,화 4 5 6 (2508),20 / 20,23,B등급반
COLLEGE ENGLISH (글로벌),1,X00107111,College English Intermediate(L/S),있음,N,N,N,Y,N,Scott Michael Henderson,3,3,화 7 8 9 (2508),20 / 20,21,B등급반
COLLEGE ENGLISH (글로벌),1,X00107112,College English Intermediate(L/S),있음,N,N,N,Y,N,Scott Michael Henderson,3,3,목 1 2 3 (2508),20 / 20,15,B등급반
COLLEGE ENGLISH (글로벌),1,X00110101,College English Intermediate(R/W),있음,N,N,N,Y,N,Michael Randall Muchowski,3,3,화 4 5 6 (2507),20 / 20,31,B등급반
COLLEGE ENGLISH (글로벌),1,X00110102,College English Intermediate(R/W),있음,N,N,N,Y,N,Michael Randall Muchowski,3,3,화 7 8 9 (2507),20 / 20,20,B등급반
COLLEGE ENGLISH (글로벌),1,X00110103,College English Intermediate(R/W),있음,N,N,N,Y,N,Billy Joseph Fitzgerald,3,3,월 1 2 3 (0409),20 / 20,18,B등급반
COLLEGE ENGLISH (글로벌),1,X00110104,College English Intermediate(R/W),있음,N,N,N,Y,N,Billy Joseph Fitzgerald,3,3,월 4 5 6 (0409),20 / 20,24,B등급반
COLLEGE ENGLISH (글로벌),1,X00110105,College English Intermediate(R/W),있음,N,N,N,Y,N,Billy Joseph Fitzgerald,3,3,목 7 8 9 (2509-1),20 / 20,18,B등급반
COLLEGE ENGLISH (글로벌),1,X00110106,College English Intermediate(R/W),있음,N,N,N,Y,N,James Iain Finnie,3,3,목 4 5 6 (2508-1),20 / 20,24,B등급반
COLLEGE ENGLISH (글로벌),1,X00110107,College English Intermediate(R/W),있음,N,N,N,Y,N,James Iain Finnie,3,3,목 7 8 9 (2508-1),20 / 20,22,B등급반
COLLEGE ENGLISH (글로벌),1,X00110108,College English Intermediate(R/W),있음,N,N,N,Y,N,James Iain Finnie,3,3,금 1 2 3 (2508-1),20 / 20,14,B등급반
COLLEGE ENGLISH (글로벌),1,X00110109,College English Intermediate(R/W),있음,N,N,N,Y,N,Nicolas Caballero,3,3,월 4 5 6 (2510),20 / 20,16,B등급반
COLLEGE ENGLISH (글로벌),1,X00110110,College English Intermediate(R/W),있음,N,N,N,Y,N,Nicolas Caballero,3,3,월 7 8 9 (2510),20 / 20,22,B등급반
COLLEGE ENGLISH (글로벌),1,X00110111,College English Intermediate(R/W),있음,N,N,N,Y,N,Nicolas Caballero,3,3,수 1 2 3 (2511),20 / 20,23,B등급반
COLLEGE ENGLISH (글로벌),1,X00110112,College English Intermediate(R/W),있음,N,N,N,Y,N,Nicolas Caballero,3,3,수 4 5 6 (2511),20 / 20,31,B등급반
COLLEGE ENGLISH (글로벌),1,X00108101,College English(L/S),있음,N,N,N,Y,N,Nathaniel Napatha Robinson Carter,3,3,월 1 2 3 (2511),20 / 20,19,C등급반
COLLEGE ENGLISH (글로벌),1,X00108102,College English(L/S),있음,N,N,N,Y,N,Nathaniel Napatha Robinson Carter,3,3,월 4 5 6 (2511),20 / 20,28,C등급반
COLLEGE ENGLISH (글로벌),1,X00108103,College English(L/S),있음,N,N,N,Y,N,Nathaniel Napatha Robinson Carter,3,3,월 7 8 9 (2511),19 / 20,19,C등급반
COLLEGE ENGLISH (글로벌),1,X00108104,College English(L/S),있음,N,N,N,Y,N,Nathaniel Napatha Robinson Carter,3,3,수 1 2 3 (2509),20 / 20,22,C등급반
COLLEGE ENGLISH (글로벌),1,X00108105,College English(L/S),있음,N,N,N,Y,N,Nathaniel Napatha Robinson Carter,3,3,금 1 2 3 (2510),19 / 20,16,C등급반
COLLEGE ENGLISH (글로벌),1,X00108106,College English(L/S),있음,N,N,N,Y,N,손은미,3,3,수 4 5 6 (0305),19 / 20,19,C등급반
COLLEGE ENGLISH (글로벌),1,X00108107,College English(L/S),있음,N,N,N,Y,N,Anika Jean Casem,3,3,화 7 8 9 (2508-1),20 / 20,17,C등급반
COLLEGE ENGLISH (글로벌),1,X00108108,College English(L/S),있음,N,N,N,Y,N,Anika Jean Casem,3,3,수 4 5 6 (2508-1),20 / 20,25,C등급반
COLLEGE ENGLISH (글로벌),1,X00108109,College English(L/S),있음,N,N,N,Y,N,Anika Jean Casem,3,3,수 7 8 9 (2508-1),19 / 20,26,C등급반
COLLEGE ENGLISH (글로벌),1,X00111101,College English(R/W),있음,N,N,N,Y,N,Nathaniel Napatha Robinson Carter,3,3,화 4 5 6 (2511),19 / 20,25,C등급반
COLLEGE ENGLISH (글로벌),1,X00111102,College English(R/W),있음,N,N,N,Y,N,Nathaniel Napatha Robinson Carter,3,3,화 7 8 9 (2511),20 / 20,25,C등급반
COLLEGE ENGLISH (글로벌),1,X00111103,College English(R/W),있음,N,N,N,Y,N,한승훈,3,3,금 1 2 3 (2508),8 / 20,4,C등급반
COLLEGE ENGLISH (글로벌),1,X00111104,College English(R/W),있음,N,N,N,Y,N,Sheila May Tabor,3,3,월 7 8 9 (2508-1),20 / 20,25,C등급반
COLLEGE ENGLISH (글로벌),1,X00111105,College English(R/W),있음,N,N,N,Y,N,Sheila May Tabor,3,3,수 1 2 3 (2507),20 / 20,15,C등급반
COLLEGE ENGLISH (글로벌),1,X00111106,College English(R/W),있음,N,N,N,Y,N,Sheila May Tabor,3,3,수 4 5 6 (2507),20 / 20,29,C등급반
COLLEGE ENGLISH (글로벌),1,X00111107,College English(R/W),있음,N,N,N,Y,N,Caleb Roland Belgard,3,3,수 1 2 3 (2507-1),20 / 20,25,C등급반
COLLEGE ENGLISH (글로벌),1,X00111108,College English(R/W),있음,N,N,N,Y,N,Caleb Roland Belgard,3,3,수 4 5 6 (2507-1),20 / 20,30,C등급반
COLLEGE ENGLISH (글로벌),1,X00111109,College English(R/W),있음,N,N,N,Y,N,Caleb Roland Belgard,3,3,금 4 5 6 (2507-1),20 / 20,21,C등급반
마이크로디그리(영어) (글로벌),1,Y71155101,기술문서작성:공학,있음,N,N,N,Y,N,Nicolas Caballero,3,3,월 1 2 3 (2510),19 / 20,26,"'공학영어'영역; 공과대학 수강 권장(25학번 필수), 전교생 대상 공학영역에서 12학점 이수 시 ‘마이크로전공: 공학영어’ 인정"
마이크로디그리(영어) (글로벌),,Y71139101,문맥으로읽는공학기술용어,있음,N,N,N,Y,N,Molly Clare Fleming,3,3,수 4 5 6 (2508),20 / 20,45,"'공학영어'영역; 공과대학 수강 권장(25학번 필수), 전교생 대상 공학영역에서 12학점 이수 시 ‘마이크로전공: 공학영어’ 인정"
마이크로디그리(영어) (글로벌),,Y71139102,문맥으로읽는공학기술용어,있음,N,N,N,Y,N,Molly Clare Fleming,3,3,수 7 8 9 (2507),20 / 20,38,"'공학영어'영역; 공과대학 수강 권장(25학번 필수), 전교생 대상 공학영역에서 12학점 이수 시 ‘마이크로전공: 공학영어’ 인정"
마이크로디그리(영어) (글로벌),,Y71140101,최신트렌드읽기:공학,있음,N,N,N,Y,N,Frazer Johnston-Theasby,3,3,금 1 2 3 (2507),19 / 20,15,"'공학영어'영역; 공과대학 수강 권장(25학번 필수), 전교생 대상 공학영역에서 12학점 이수 시 ‘마이크로전공: 공학영어’ 인정"
마이크로디그리(영어) (글로벌),,Y71140102,최신트렌드읽기:공학,있음,N,N,N,Y,N,Frazer Johnston-Theasby,3,3,금 4 5 6 (2507),19 / 20,34,"'공학영어'영역; 공과대학 수강 권장(25학번 필수), 전교생 대상 공학영역에서 12학점 이수 시 ‘마이크로전공: 공학영어’ 인정"
마이크로디그리(영어) (글로벌),,Y71143101,취업역량강화영어:공학/자연과학,있음,N,N,N,Y,N,Eoin Joseph Trolan,3,3,목 1 2 3 (2509-1),15 / 20,9,"'공학영어'영역 & '자연과학영어'영역; 공과대학, 자연과학대학 수강 권장(25학번 필수)"
마이크로디그리(영어) (글로벌),1,Y71153101,비즈니스환경에서의전략적마케팅영어,있음,N,N,N,Y,N,Scott Michael Henderson,3,3,목 4 5 6 (2507-1),19 / 20,53,"'비즈니스영어'영역; 경상대학, 융합인재대학 수강 권장(25학번 필수), 전교생 대상 비즈니스영역에서 12학점 이수 시 ‘마이크로전공: 비즈니스영어’ 인정"
마이크로디그리(영어) (글로벌),,Y71135101,온사이트비즈니스말하기,있음,N,N,N,Y,N,Eoin Joseph Trolan,3,3,화 1 2 3 (2509-1),19 / 20,34,"'비즈니스영어'영역; 경상대학, 융합인재대학 수강 권장(25학번 필수), 전교생 대상 비즈니스영역에서 12학점 이수 시 ‘마이크로전공: 비즈니스영어’ 인정"
마이크로디그리(영어) (글로벌),,Y71135102,온사이트비즈니스말하기,있음,N,N,N,Y,N,Ryan Richard Fitzgerald,3,3,월 1 2 3 (2513),19 / 20,20,"'비즈니스영어'영역; 경상대학, 융합인재대학 수강 권장(25학번 필수), 전교생 대상 비즈니스영역에서 12학점 이수 시 ‘마이크로전공: 비즈니스영어’ 인정"
마이크로디그리(영어) (글로벌),,Y71134101,초급비즈니스영어(효과적인커뮤니케이션을위한전략),있음,N,N,N,Y,N,James Iain Finnie,3,3,목 1 2 3 (2508-1),20 / 20,48,"'비즈니스영어'영역; 경상대학, 융합인재대학 수강 권장(25학번 필수), 전교생 대상 비즈니스영역에서 12학점 이수 시 ‘마이크로전공: 비즈니스영어’ 인정"
마이크로디그리(영어) (글로벌),,Y71134102,초급비즈니스영어(효과적인커뮤니케이션을위한전략),있음,N,N,N,Y,N,James Iain Finnie,3,3,금 4 5 6 (2508-1),19 / 20,18,"'비즈니스영어'영역; 경상대학, 융합인재대학 수강 권장(25학번 필수), 전교생 대상 비즈니스영역에서 12학점 이수 시 ‘마이크로전공: 비즈니스영어’ 인정"
마이크로디그리(영어) (글로벌),1,Y71154101,글로벌미디어와문화영어,있음,N,N,N,Y,N,Anika Jean Casem,3,3,화 4 5 6 (2507-1),16 / 20,50,"'사회과학영어'영역; 융합인재대학 수강 권장(25학번 필수), 전교생 대상 사회과학영역에서 12학점 이수 시 ‘마이크로전공: 사회과학영어’ 인정"
마이크로디그리(영어) (글로벌),,Y71136101,미디어인사이드:사회과학,있음,N,N,N,Y,N,Nathaniel Napatha Robinson Carter,3,3,수 7 8 9 (2509-1),20 / 20,22,"'사회과학영어'영역; 융합인재대학 수강 권장(25학번 필수), 전교생 대상 사회과학영역에서 12학점 이수 시 ‘마이크로전공: 사회과학영어’ 인정"
마이크로디그리(영어) (글로벌),,Y71137101,온사이트영어스피킹:사회과학,있음,N,N,N,Y,N,Billy Joseph Fitzgerald,3,3,목 4 5 6 (2509-1),20 / 20,23,"'사회과학영어'영역; 융합인재대학 수강 권장(25학번 필수), 전교생 대상 사회과학영역에서 12학점 이수 시 ‘마이크로전공: 사회과학영어’ 인정"
마이크로디그리(영어) (글로벌),,Y71138101,취업역량강화영어:비즈니스/사회과학,있음,N,N,N,Y,N,Eoin Joseph Trolan,3,3,화 4 5 6 (2509-1),18 / 20,46,"'비즈니스영어'영역 & '사회과학영어'영역; 경상대학, 융합인재대학 수강 권장(25학번 필수)"
마이크로디그리(영어) (글로벌),1,Y71156101,자연과학.기술분야문서쓰기,있음,N,N,N,Y,N,Caleb Roland Belgard,3,3,금 1 2 3 (2415),19 / 20,12,"'자연과학영어'영역; 자연과학대학 수강 권장(25학번 필수), 전교생 대상 자연과학영역에서 12학점 이수 시 ‘마이크로전공: 자연과학영어’ 인정"
마이크로디그리(영어) (글로벌),,Y71141101,문맥으로읽는자연과학용어,있음,N,N,N,Y,N,Michael Randall Muchowski,3,3,금 1 2 3 (2507-1),20 / 20,24,"'자연과학영어'영역; 자연과학대학 수강 권장(25학번 필수), 전교생 대상 자연과학영역에서 12학점 이수 시 ‘마이크로전공: 자연과학영어’ 인정"
마이크로디그리(영어) (글로벌),,Y71141102,문맥으로읽는자연과학용어,있음,N,N,N,Y,N,Sheila May Tabor,3,3,화 1 2 3 (2508-1),18 / 20,19,"'자연과학영어'영역; 자연과학대학 수강 권장(25학번 필수), 전교생 대상 자연과학영역에서 12학점 이수 시 ‘마이크로전공: 자연과학영어’ 인정"
마이크로디그리(영어) (글로벌),,Y71141103,문맥으로읽는자연과학용어,있음,N,N,N,Y,N,Sheila May Tabor,3,3,화 4 5 6 (2508-1),20 / 20,55,"'자연과학영어'영역; 자연과학대학 수강 권장(25학번 필수), 전교생 대상 자연과학영역에서 12학점 이수 시 ‘마이크로전공: 자연과학영어’ 인정"
마이크로디그리(영어) (글로벌),,Y71150101,최신트렌드읽기:자연과학,있음,N,N,N,Y,N,Alice Julianna Yoo,3,3,금 1 2 3 (2511),20 / 20,30,"'자연과학영어'영역; 자연과학대학 수강 권장(25학번 필수), 전교생 대상 자연과학영역에서 12학점 이수 시 ‘마이크로전공: 자연과학영어’ 인정"
마이크로디그리(영어) (글로벌),,Y71150102,최신트렌드읽기:자연과학,있음,N,N,N,Y,N,Alice Julianna Yoo,3,3,금 4 5 6 (2511),19 / 20,26,"'자연과학영어'영역; 자연과학대학 수강 권장(25학번 필수), 전교생 대상 자연과학영역에서 12학점 이수 시 ‘마이크로전공: 자연과학영어’ 인정"
마이크로디그리(영어) (글로벌),,Y71150103,최신트렌드읽기:자연과학,있음,N,N,N,Y,N,Joseph Martin Greenwood,3,3,화 7 8 9 (2509),20 / 20,58,"'자연과학영어'영역; 자연과학대학 수강 권장(25학번 필수), 전교생 대상 자연과학영역에서 12학점 이수 시 ‘마이크로전공: 자연과학영어’ 인정"
언어와문학 (글로벌),,U76253501,고전그리스어와그리스문명,있음,N,N,N,N,N,손윤락,2,2,수 3 4 (0207),9 / 60,11,
언어와문학 (글로벌),,U76219201,동양명작의이해와감상,있음,N,N,N,N,N,김은정,2,2,화 3 4 (2303-3),14 / 60,5,
언어와문학 (글로벌),,U76220501,라틴어와로마문명,있음,N,N,N,N,N,손윤락,2,2,수 5 6 (0207),18 / 60,16,
언어와문학 (글로벌),,Y51232101,루쉰과동아시아문학과문화,있음,N,N,N,N,N,박남용,2,2,수 3 4 (2406),41 / 60,22,
언어와문학 (글로벌),,U71879201,문학과사회,있음,N,N,N,N,N,최성욱,2,2,월 5 6 (2309),45 / 60,54,
언어와문학 (글로벌),,U76356201,문학과현대사회,있음,N,N,N,N,N,김경랑,2,2,수 7 8 (2502),58 / 60,57,
언어와문학 (글로벌),,Y21164101,문학을통한치유,있음,N,N,N,N,N,송필환,2,2,화 5 6 (2409),27 / 60,18,
언어와문학 (글로벌),,U76230201,문학이란무엇인가,있음,N,N,N,N,N,서주희,2,2,수 7 8 (2408),58 / 60,51,
언어와문학 (글로벌),,Y51224201,문학이야기,있음,N,N,N,N,N,송필환,2,2,화 7 8 (2409),27 / 60,19,
언어와문학 (글로벌),,Y21190101,법과언어,있음,N,N,N,N,N,이한나,2,2,목 5 6 (2214),51 / 60,62,
언어와문학 (글로벌),,U72223301,언어와광고,있음,N,N,N,N,N,윤상호,2,2,수 7 8 (2412),57 / 60,41,
언어와문학 (글로벌),,U61102101,언어와문화(교양),있음,N,N,N,N,N,박주연,2,2,목 5 6 (2303),52 / 60,38,
언어와문학 (글로벌),,Y21101301,언어학과심리실험,있음,N,Y,N,N,N,전종섭,2,2,,56 / 60,204,비대면
언어와문학 (글로벌),,U76241201,언어학의이해,있음,N,N,N,N,N,박주연,2,2,목 7 8 (2303),9 / 60,11,
언어와문학 (글로벌),,U72247301,에스페란토어의이해,있음,N,N,N,N,N,신현규,2,2,목 3 4 (2506),40 / 60,33,
언어와문학 (글로벌),,U76002101,위대한개츠비로본문학비평이론,있음,N,N,N,N,N,김윤정,2,2,수 7 8 (2410),27 / 60,28,
언어와문학 (글로벌),,Y21191101,"인간의언어,기호,그리고상징",있음,N,N,N,N,N,임익희,2,2,금 3 4 (2311-1),4 / 60,8,
언어와문학 (글로벌),,U76008101,인문적사유와글쓰기,있음,N,N,N,N,N,한상효,2,2,월 7 8 (2312-1),9 / 60,11,
언어와문학 (글로벌),,Y51233101,인문학명저산책,있음,N,N,N,N,N,조준래,2,2,목 7 8 (2309),57 / 60,51,
언어와문학 (글로벌),,U76237401,젠더와문학,있음,N,N,N,N,N,홍구슬,2,2,금 5 6 (1507),11 / 60,10,
언어와문학 (글로벌),,Y51223101,졸업하기전에읽어야할러시아고전명작,있음,N,N,N,N,N,전미라,2,2,화 7 8 (2412),60 / 60,86,
언어와문학 (글로벌),,Y91159101,창의적독서와자기발견,있음,N,N,N,N,N,한상효,2,2,월 3 4 (2309),39 / 60,27,
언어와문학 (글로벌),,U76233601,통번역의이론과실제,있음,N,N,N,N,N,김덕수,2,2,화 1 2 (2303-2),5 / 60,8,영어통번역학부 수강금지
언어와문학 (글로벌),,Y21103101,한국어의이해,있음,N,N,N,N,N,한윤정,2,2,월 3 4 (2517),48 / 60,37,
언어와문학 (글로벌),,Y51225101,한시로읽는동양의삶과미학,있음,N,N,N,N,N,박남용,2,2,수 1 2 (2406),24 / 60,18,
언어와문학 (글로벌),,U71815301,희곡과시나리오작법,있음,N,N,N,N,N,김영아,2,2,수 5 6 (2510),15 / 60,12,
문화와예술 (글로벌),,U76100201,공감을통한음악의체험,있음,N,N,Y,N,N,성용원,2,2,화 7 8 (1206),58 / 60,40,
문화와예술 (글로벌),,U76216201,공연예술의이해와감상,있음,N,N,N,N,N,김영아,2,2,수 1 2 (2510),11 / 60,11,
문화와예술 (글로벌),,Y91149101,다양성과공존의시각으로다시보는발칸-동유럽,있음,N,N,N,N,Y,이하얀,2,2,수 3 4 (2408),58 / 60,40,
문화와예술 (글로벌),,Y21108101,대중문화예술의이해,있음,N,N,N,N,N,나은희,2,2,월 7 8 (2412),54 / 60,59,
문화와예술 (글로벌),,Y51215301,도시의미학과문화,있음,N,N,N,N,N,이은아,2,2,금 5 6 (2406),40 / 60,32,
문화와예술 (글로벌),,Y21112101,독일어권문화의이해,있음,N,N,N,N,N,권상희,2,2,월 5 6 (1312),27 / 60,19,
문화와예술 (글로벌),,U54107301,동남아시아문화의이해,있음,N,N,N,N,N,이정윤,2,2,목 3 4 (1403),16 / 60,17,
문화와예술 (글로벌),,Y61121101,동아시아의남북문명교류의이해,있음,N,Y,N,N,Y,김종호,2,2,,76 / 80,231,비대면
문화와예술 (글로벌),,Y21121101,동양미술사입문,있음,N,N,N,N,N,이정은,2,2,월 1 2 (2506),55 / 60,51,
문화와예술 (글로벌),,Y21109101,동유럽.발칸문화의이해,있음,N,N,N,N,N,백종필,2,2,목 3 4 (2313),51 / 60,42,
문화와예술 (글로벌),,Y21120101,디자인과문화,있음,N,N,N,N,N,신문영,2,2,금 3 4 (2504),57 / 60,43,
문화와예술 (글로벌),,U76142201,디지털미디어와사진제작및응용,있음,N,N,N,N,N,이종옥,2,2,수 3 4 (2308),11 / 40,10,
문화와예술 (글로벌),,U71840201,디지털미디어의이해,있음,N,N,N,N,N,한상룡,2,2,수 7 8 (0517),44 / 60,36,
문화와예술 (글로벌),,Y21110101,라틴아메리카문화의이해,있음,N,N,N,N,N,박수경,2,2,화 1 2 (2303-3),13 / 60,12,
문화와예술 (글로벌),,U71814201,만화와애니메이션의이해,있음,N,N,N,N,N,신문영,2,2,금 5 6 (2504),56 / 60,43,
문화와예술 (글로벌),,Y21126101,뮤지컬의이해와감상,있음,N,N,N,N,N,박지원,2,2,금 3 4 (1206),58 / 60,37,
문화와예술 (글로벌),,U76277201,미디어와현대사회,있음,N,N,N,N,N,문소영,2,2,월 5 6 (2412),37 / 60,53,
문화와예술 (글로벌),,Y21166101,서양문화와미학,있음,N,N,N,N,N,이은아,2,2,금 3 4 (2406),30 / 60,24,
문화와예술 (글로벌),,Y21114101,스페인어권문화의이해,있음,N,N,N,N,N,이은해,2,2,수 3 4 (2303),52 / 60,26,
문화와예술 (글로벌),,Y21106301,시학과기호학,있음,N,N,N,N,N,한상효,2,2,월 1 2 (2309),5 / 60,6,
문화와예술 (글로벌),,Y51146101,실크로드와글로벌세계,있음,N,N,N,N,Y,손영훈,2,2,화 5 6 (2214-1),58 / 60,65,
문화와예술 (글로벌),,U51540201,연극놀이로몸.마음가꾸기,있음,N,N,N,N,N,박지원,2,2,금 5 6 (1206),14 / 60,13,
문화와예술 (글로벌),,Y21127101,예술테라피의이해,있음,N,N,N,N,N,박지원,2,2,금 7 8 (1206),8 / 60,16,
문화와예술 (글로벌),,Y91187201,이슬람문명,있음,N,N,N,N,N,이경수,2,2,금 3 4 (2312),2 / 60,6,
문화와예술 (글로벌),,U54129301,중동문화의이해,있음,N,N,N,N,N,강원구,2,2,화 7 8 (0604),57 / 60,59,
문화와예술 (글로벌),,U54135301,중앙아시아문화의이해,있음,N,N,N,N,N,윤시내,2,2,금 3 4 (2403),10 / 60,11,
문화와예술 (글로벌),,Y91186201,포스트소비에트지역문화의이해,있음,N,N,N,N,N,김현진,2,2,월 3 4 (2404),15 / 60,15,
문화와예술 (글로벌),,Y21116101,프랑스어권문화의이해,있음,N,N,N,N,N,박은영,2,2,화 7 8 (2416),26 / 60,33,
문화와예술 (글로벌),,U76006101,한국미술의이해,있음,N,N,N,N,N,이정은,2,2,수 7 8 (2506),54 / 60,40,
문화와예술 (글로벌),,U76213301,한국의세계문화유산,있음,N,N,N,N,N,안현정,2,2,목 5 6 (2503),57 / 60,63,교원 변경:나유정->안현정
문화와예술 (글로벌),,U54137101,현대문화론,있음,N,N,N,N,N,조준래,2,2,수 1 2 (2309),58 / 60,82,
역사와철학 (글로벌),,U53114201,근대유럽의사상과현대사,있음,N,N,N,N,N,박상준,2,2,화 3 4 (2414),57 / 60,52,
역사와철학 (글로벌),,Y21154101,기업과윤리,있음,N,N,N,N,N,김신,2,2,월 7 8 (4216),9 / 60,23,
역사와철학 (글로벌),,U76256201,논리와비판적사고,있음,N,N,N,N,N,문규민,2,2,수 7 8 (2404),11 / 60,11,
역사와철학 (글로벌),,Y51101201,논리학입문,있음,N,N,N,N,N,정재환,2,2,목 3 4 (2407-1),23 / 60,18,
역사와철학 (글로벌),,Y21150101,동서문명교류사,있음,N,N,N,N,N,이영희,2,2,목 7 8 (4214),19 / 60,12,
역사와철학 (글로벌),,U51501101,동아시아근현대사,있음,N,N,N,N,N,정일교,2,2,월 3 4 (2407),18 / 60,22,
역사와철학 (글로벌),,U37119301,동아시아사의이해,있음,N,N,N,N,N,정일교,2,2,월 5 6 (2407),21 / 60,18,
역사와철학 (글로벌),,U51112101,동양의지혜,있음,N,N,N,N,N,최경애,2,2,화 5 6 (2504),59 / 60,60,
역사와철학 (글로벌),,U71826301,디지털자료로배우는한국사,있음,N,N,N,N,N,나유정,2,2,수 5 6 (2502),55 / 60,64,
역사와철학 (글로벌),,Y91139101,마음과뇌,있음,N,N,N,N,N,하지영,2,2,금 3 4 (2410),21 / 60,15,
역사와철학 (글로벌),,Y51217201,미네르바동양고전강독,있음,N,N,N,N,N,정빈나,2,2,월 3 4 (2303),51 / 60,25,
역사와철학 (글로벌),,Y51230201,미네르바서양고전강독,있음,N,N,N,N,N,강미라,2,2,월 5 6 (2303-3),3 / 60,3,
역사와철학 (글로벌),,U76257201,미학의이해,있음,N,N,N,N,N,신현주,2,2,화 3 4 (2417),56 / 60,37,
역사와철학 (글로벌),,U76258301,불교철학의이해,있음,N,N,N,N,N,최경애,2,2,화 3 4 (2504),32 / 60,26,
역사와철학 (글로벌),,Y91153101,붓다의명상법(이론과실제),있음,N,N,N,N,N,최원호,2,2,금 5 6 (2313),40 / 60,37,
역사와철학 (글로벌),,U76259201,서양사의이해,있음,N,N,N,N,N,이진욱,2,2,화 5 6 (2412),56 / 60,64,
역사와철학 (글로벌),,U76208201,세계사와한국,있음,N,N,N,N,N,이수기,2,2,수 7 8 (2311),11 / 60,9,
역사와철학 (글로벌),,U51108201,신화와종교,있음,N,N,N,N,N,강미라,2,2,월 7 8 (2303-3),25 / 60,26,
역사와철학 (글로벌),,Y21142101,역사란무엇인가,있음,N,N,N,N,N,서상현,2,2,월 3 4 (2502),59 / 60,63,
역사와철학 (글로벌),,Y91156101,요가경전강독,있음,N,N,N,N,N,최원호,2,2,금 7 8 (2313),33 / 60,22,
역사와철학 (글로벌),,J11001301,유럽근현대사,있음,N,N,N,N,N,윤용선,2,2,수 5 6 (2314),57 / 60,92,
역사와철학 (글로벌),,U76263201,이슬람사상의이해,있음,N,N,N,N,N,정미순,2,2,금 5 6 (2311-1),9 / 60,15,
역사와철학 (글로벌),,Y51221101,인공지능과마음,있음,N,N,N,N,N,양선이,2,2,수 7 8 (2213),56 / 60,66,
역사와철학 (글로벌),,U71828201,종교철학입문,있음,N,N,N,N,N,김진,2,2,화 7 8 (2408),36 / 60,27,
역사와철학 (글로벌),,U76265401,철학으로의초대,있음,N,N,N,N,N,조명동,2,2,화 1 2 (2313),47 / 60,31,
역사와철학 (글로벌),,Y21163101,추리논증,있음,N,N,N,N,N,정재환,2,2,수 5 6 (2408),30 / 60,22,
역사와철학 (글로벌),,E03109101,한국근.현대사,있음,N,N,N,N,N,이숙화,2,2,월 5 6 (2305),43 / 60,35,
역사와철학 (글로벌),,Y21147101,한국사와동아시아(교양),있음,N,N,N,N,N,이승민,2,2,화 3 4 (2502),50 / 60,34,
역사와철학 (글로벌),,U76267201,한국사의이해,있음,N,N,N,N,N,정동민,2,2,목 7 8 (2506),54 / 60,49,
역사와철학 (글로벌),,E04302301,한국생활문화사,있음,N,N,N,N,N,이용석,2,2,월 1 2 (2410),10 / 60,11,
역사와철학 (글로벌),,Y91154101,행복론,있음,N,N,N,N,N,정빈나,2,2,월 1 2 (2303),57 / 60,46,
역사와철학 (글로벌),,U72189201,현대사회와기록관리,있음,N,N,N,N,N,유명상,2,2,수 7 8 (2411),10 / 60,0,
역사와철학 (글로벌),,U51503201,현대사회와철학,있음,N,N,N,N,N,김성수,2,2,목 7 8 (2413),56 / 60,44,
역사와철학 (글로벌),,U76004101,현대성의근본문제들,있음,N,N,N,N,N,윤준식,2,2,목 3 4 (4216),37 / 60,34,교원 초징 진행 중
과학과기술 (글로벌),1,Y55102102,인공지능을위한기초수학,있음,N,N,N,N,N,권창욱,3,3,월 1 2 3 (2412),54 / 60,34,"AI융합대학, 수학과 수강금지"
과학과기술 (글로벌),,U72149201,PC하드웨어,있음,N,N,N,N,N,박정윤,2,2,금 1 2 (5307),37 / 40,24,
과학과기술 (글로벌),,U76005101,기술과사회,있음,N,N,N,N,N,한우섭,2,2,금 1 2 (4213),8 / 60,7,
과학과기술 (글로벌),,Y55103201,기초미적분학1,있음,N,N,N,N,N,김혁,3,3,수 1 2 3 (2504),79 / 80,66,자연과학대학 수강금지
과학과기술 (글로벌),,Y55103202,기초미적분학1,있음,N,N,N,N,N,송현정,3,3,목 1 2 3 (3112),36 / 80,28,자연과학대학 수강금지
과학과기술 (글로벌),,Y55103203,기초미적분학1,있음,N,N,N,N,N,김혁,3,3,목 4 5 6 (2504),77 / 80,65,자연과학대학 수강금지
과학과기술 (글로벌),,Y55103204,기초미적분학1,있음,N,N,N,N,N,임재용,3,3,금 1 2 3 (2404),14 / 80,14,자연과학대학 수강금지
과학과기술 (글로벌),,Y51105101,나노바이오화학,있음,N,N,N,N,N,김민선,2,2,목 7 8 (2409),33 / 60,17,화학과 수강금지
과학과기술 (글로벌),,Y55108101,논리학과알고리즘,있음,N,N,N,N,N,김신,2,2,월 1 2 (4216),9 / 60,18,
과학과기술 (글로벌),,U76296201,멀티미디어제작(교양),있음,N,N,N,N,N,박정윤,2,2,금 3 4 (5307),8 / 40,5,
과학과기술 (글로벌),,U51425201,빛과물질,있음,N,N,N,N,N,안광신,2,2,월 3 4 (2504),55 / 60,42,전자물리학과 수강금지
과학과기술 (글로벌),,U76298201,사회과학을위한수학,있음,N,N,N,N,N,임재용,2,2,금 5 6 (2404),11 / 60,11,"수학과, 전자물리학과 수강금지"
과학과기술 (글로벌),,U51521101,생명의이해,있음,N,N,N,N,N,박중찬,2,2,화 5 6 (0518),56 / 60,70,생명공학과 수강금지
과학과기술 (글로벌),,U51416101,생활과화학,있음,N,N,N,N,N,김민선,2,2,목 5 6 (2409),47 / 60,41,화학과 수강금지
과학과기술 (글로벌),,U55106201,선형대수학,있음,N,N,N,N,N,김혁,2,2,목 1 2 (2504),50 / 60,45,
과학과기술 (글로벌),,U51417101,우주와인간,있음,N,N,N,N,N,정영진,2,2,화 5 6 (2314),36 / 60,34,
과학과기술 (글로벌),,U76303201,인간과보건환경,있음,N,N,N,Y,N,Jeffrey Scott Owen,2,2,목 7 8 (2314),17 / 60,23,환경학과수강금지
과학과기술 (글로벌),,U76304201,인간과생태계,있음,N,N,N,Y,N,Jeffrey Scott Owen,2,2,월 5 6 (2315),13 / 60,9,환경학과 수강금지
과학과기술 (글로벌),,U75001101,일반물리1,있음,N,N,N,N,N,서금영,2,2,목 3 4 (2412),40 / 60,34,자연과학대학 수강금지
과학과기술 (글로벌),,U75001102,일반물리1,있음,N,N,N,N,N,서금영,2,2,목 5 6 (2412),52 / 60,34,자연과학대학 수강금지
과학과기술 (글로벌),,U75001103,일반물리1,있음,N,N,N,N,N,서금영,2,2,목 7 8 (2412),43 / 60,31,자연과학대학 수강금지
과학과기술 (글로벌),,U51209201,자연과학개론,있음,N,N,N,Y,N,Jeffrey Scott Owen,2,2,목 1 2 (2314),21 / 60,15,
과학과기술 (글로벌),,U76307201,컴퓨터활용,있음,N,N,N,N,N,박정윤,2,2,수 1 2 (5307),33 / 40,36,
과학과기술 (글로벌),,U51625201,통계학개론,있음,N,N,N,N,N,이윤재,2,2,수 5 6 (2414),32 / 60,25,"통계학과(주전공, 이중전공, 부전공), 수학과 수강금지"
과학과기술 (글로벌),,Y55128101,해양과기후,있음,N,N,N,Y,N,Jeffrey Scott Owen,2,2,목 5 6 (2314),35 / 60,35,
과학과기술 (글로벌),,U51401101,현대과학입문,있음,N,N,N,N,N,박상훈,2,2,화 3 4 (2410),13 / 60,16,
과학과기술 (글로벌),,U75109101,환경과삶,있음,N,N,N,N,N,이성종,2,2,금 5 6 (2303-3),19 / 60,16,환경학과 수강금지
인간과사회 (글로벌),1,Y91163201,한국글로벌기업마케팅,있음,N,N,N,N,N,한상식,2,2,화 3 4 (4415),41 / 60,27,
인간과사회 (글로벌),,U71837201,21세기마케팅의이해,있음,N,N,N,N,N,조명환,2,2,목 5 6 (2502),59 / 60,76,
인간과사회 (글로벌),,U53138201,21세기미디어외교의이해,있음,N,N,N,N,N,이효복,2,2,화 3 4 (2503),57 / 60,49,
인간과사회 (글로벌),,Y21132101,가족생활과법,있음,N,N,N,N,N,이동건,2,2,월 3 4 (2314),55 / 60,103,
인간과사회 (글로벌),,U76269201,광고.PR의이해,있음,N,N,N,N,N,오주연,2,2,목 3 4 (2409),31 / 60,28,
인간과사회 (글로벌),,Y51226101,국가와사회: 민주주의의이해,있음,N,N,N,N,N,김형기,2,2,금 1 2 (2313),26 / 60,19,
인간과사회 (글로벌),,U74111101,국제관계의이해,있음,N,N,N,N,N,김지현,2,2,월 5 6 (2502),58 / 60,63,
인간과사회 (글로벌),,Y91168201,"국제난민문제,그숨겨진이야기",있음,N,N,N,N,Y,박재윤,2,2,목 7 8 (2416),31 / 60,25,
인간과사회 (글로벌),,U76270201,국제사회와국제기구,있음,N,N,N,N,N,엄태윤,2,2,금 5 6 (2315),13 / 60,14,
인간과사회 (글로벌),,U76272201,국제화시대의경영,있음,N,N,N,N,N,서옥순,2,2,화 1 2 (2406),29 / 60,23,
인간과사회 (글로벌),,U76012201,극지거버넌스의이해,있음,N,N,N,N,N,정혁,2,2,수 5 6 (2416),45 / 60,46,
인간과사회 (글로벌),,U76141201,극지와사람,있음,N,N,N,N,N,라승도,2,2,목 7 8 (2313),53 / 60,60,
인간과사회 (글로벌),,U76273201,기업회계의기초원리,있음,N,N,N,N,N,김문현,2,2,수 3 4 (2214-1),57 / 60,52,
인간과사회 (글로벌),,Y91141101,동서양문화와소비심리,있음,N,N,N,N,N,하지영,2,2,금 5 6 (2410),7 / 60,5,
인간과사회 (글로벌),,U74110101,민법의이해,있음,N,N,N,N,N,김동환,2,2,수 5 6 (2503),59 / 60,90,
인간과사회 (글로벌),,U76278201,방송.영상의이해,있음,N,N,N,N,N,윤상호,2,2,월 1 2 (2409),23 / 60,20,
인간과사회 (글로벌),,Y21138301,범죄와수사,있음,N,N,N,N,N,김현수,2,2,목 7 8 (2408),57 / 60,80,
인간과사회 (글로벌),,Y91143101,법과역사로의산책,있음,N,N,N,N,N,박한성,2,2,목 1 2 (2201),57 / 60,50,
인간과사회 (글로벌),,Y21188201,법률과일상생활,있음,N,N,N,N,N,박한성,2,2,목 7 8 (2201),58 / 60,70,
인간과사회 (글로벌),,Y91144101,법으로풀어가는정치,있음,N,N,N,N,N,김선량,2,2,화 3 4 (2402-1),10 / 60,9,
인간과사회 (글로벌),,U04208201,북한의정치와사회,있음,N,N,N,N,N,김형기,2,2,금 7 8 (2303),54 / 60,33,
인간과사회 (글로벌),,U76279201,비즈니스협상,있음,N,N,N,N,N,신진호,2,2,월 7 8 (4411),54 / 60,33,
인간과사회 (글로벌),,U76009101,실용금융,있음,N,N,N,N,N,김세동,2,2,금 3 4 (2506),52 / 60,46,
인간과사회 (글로벌),,U51403101,심리학의이해,있음,N,N,N,N,N,이시종,2,2,월 1 2 (2414),42 / 60,35,
인간과사회 (글로벌),,U72202201,영화속에서본정치,있음,N,N,N,N,N,우준희,2,2,월 3 4 (2503),57 / 60,69,
인간과사회 (글로벌),,U76403101,외교에대한이해,있음,N,N,N,N,N,김형기,2,2,금 3 4 (2313),31 / 60,20,
인간과사회 (글로벌),,Y91147101,위기관리와국가정보,있음,N,N,N,N,N,권경선,2,2,화 7 8 (2502),53 / 60,40,
인간과사회 (글로벌),,Y91145101,인도의전통과현대사회,있음,N,N,N,N,N,한진원,2,2,금 3 4 (2402-1),4 / 60,5,
인간과사회 (글로벌),,U76288201,증권시장의이해,있음,N,N,N,N,N,하준삼,2,2,수 1 2 (2416),44 / 60,36,
인간과사회 (글로벌),,C02205501,한국정부의이해,있음,N,N,N,N,N,김정훈,2,2,목 1 2 (0508),29 / 60,27,
인간과사회 (글로벌),,U71833301,헌법과인권,있음,N,N,N,N,N,길성용,2,2,수 3 4 (2502),53 / 60,55,
인간과사회 (글로벌),,U74119201,현대경제의기초원리,있음,N,N,N,N,N,하준삼,2,2,수 3 4 (2416),41 / 60,30,
인간과사회 (글로벌),,U76291201,현대민주정치의이해,있음,N,N,N,N,N,우준희,2,2,월 5 6 (2503),60 / 60,57,
인간과사회 (글로벌),,Y21185101,현대사회와보험,있음,N,N,N,N,N,정현아,2,2,금 5 6 (0512),11 / 60,10,
인간과사회 (글로벌),,Y21137101,형법의이해,있음,N,N,N,N,N,김현수,2,2,목 1 2 (2401),56 / 60,62,
인성교육 (글로벌),,U76001101,4차산업혁명과인성,있음,N,N,N,N,N,양선이,2,2,목 7 8 (2213),48 / 50,98,
인성교육 (글로벌),,U72183601,고전과명저로배우는행복인문학,있음,N,N,N,N,N,박대진,2,2,화 9 10 (2309),48 / 50,65,
인성교육 (글로벌),,Y21130101,다문화사회의이해,있음,N,N,N,N,N,김미옥,2,2,목 3 4 (2414),50 / 50,92,
인성교육 (글로벌),,Y51122101,대학생을위한심리치료,있음,N,N,N,N,N,이시종,2,2,월 3 4 (2414),49 / 50,83,
인성교육 (글로벌),,U74131101,동물복지의인문학,있음,N,N,N,N,N,정빈나,2,2,월 7 8 (2502),48 / 50,47,
인성교육 (글로벌),,Y51219101,미네르바인성교육,있음,N,N,N,N,N,박남용,2,2,수 7 8 (2503),50 / 50,167,2025-1학기부터 상대평가
인성교육 (글로벌),,Y51219102,미네르바인성교육,있음,N,N,N,N,N,박남용,2,2,목 5 6 (2408),50 / 50,144,2025-1학기부터 상대평가
인성교육 (글로벌),,U76127401,분노와용서,있음,N,N,N,N,N,조준래,2,2,수 7 8 (2309),50 / 50,99,
인성교육 (글로벌),,U76128201,사람다운삶을위한관계,있음,N,N,N,N,N,박성준,2,2,금 7 8 (2412),39 / 50,25,
인성교육 (글로벌),,U78305301,시민의사회적책임,있음,N,N,N,N,N,이현정,2,2,목 7 8 (2414),43 / 50,57,
인성교육 (글로벌),,Y21189201,윤리적사고와문제해결,있음,N,N,N,N,N,김신,2,2,목 5 6 (0516),46 / 50,49,교차 수업
인성교육 (글로벌),,U72193201,인간관계와갈등관리,있음,N,N,N,N,N,최경애,2,2,금 1 2 (2412),39 / 50,33,교원 변경(오일훈->최경애)
인성교육 (글로벌),,Y21153101,인권과인간존엄성,있음,N,N,N,N,N,김세원,2,2,금 7 8 (2413),44 / 50,27,
인성교육 (글로벌),,U76003101,"인문학의이해-문학,역사,철학",있음,N,N,N,N,N,최경애,2,2,금 3 4 (2412),34 / 50,15,교원 변경(오일훈->최경애)
인성교육 (글로벌),,Y91133301,인성T.P.C,있음,N,N,N,N,N,오현희,2,2,수 7 8 (2512),50 / 50,73,
인성교육 (글로벌),,Y91133302,인성T.P.C,있음,N,N,N,N,N,김세원,2,2,금 1 2 (2517),37 / 50,27,
인성교육 (글로벌),,U04202301,현대사회의윤리문제,있음,N,N,N,N,N,송석랑,2,2,월 5 6 (2408),48 / 50,66,
인성교육 (글로벌),,U51519101,현대인의정신건강,있음,N,N,N,N,N,이시종,2,2,월 5 6 (2414),48 / 50,109,
신입생세미나 (글로벌),1,Y11115101,신입생세미나(AI데이터융합학부),있음,N,N,Y,N,N,최재걸,1,1,금 9 (0502),19 / 20,19,AI융합대학 통합모집 수강 가능
신입생세미나 (글로벌),1,Y11115102,신입생세미나(AI데이터융합학부),있음,N,N,Y,N,N,장혜진,1,1,금 9 (0503),17 / 20,11,AI융합대학 통합모집 수강 가능
신입생세미나 (글로벌),1,Y11115103,신입생세미나(AI데이터융합학부),없음,N,N,Y,N,N,장원제,1,1,금 9 (0505),15 / 20,6,AI융합대학 통합모집 수강 가능
신입생세미나 (글로벌),1,Y11115201,신입생세미나(Finance&AI융합학부),있음,N,N,Y,N,N,공형우,1,1,금 10 (0305),46 /,29,AI융합대학 통합모집 수강 가능/ 시간 변경(금9->금10교시)
신입생세미나 (글로벌),1,Y11113901,신입생세미나(GBT),있음,N,N,Y,N,N,김병초,1,1,월 9 (4403),11 / 11,5,경상대학 통합모집 수강 가능
신입생세미나 (글로벌),1,Y11113902,신입생세미나(GBT),있음,N,N,Y,N,N,전종근,1,1,월 9 (0301),9 / 11,5,경상대학 통합모집 수강 가능
신입생세미나 (글로벌),1,Y11113903,신입생세미나(GBT),있음,N,N,Y,N,N,김문현,1,1,월 9 (4402),11 / 11,5,경상대학 통합모집 수강 가능
신입생세미나 (글로벌),1,Y11113904,신입생세미나(GBT),있음,N,N,Y,N,N,현재훈,1,1,월 9 (4404),8 / 11,3,경상대학 통합모집 수강 가능
신입생세미나 (글로벌),1,Y11113905,신입생세미나(GBT),있음,N,N,Y,N,N,이정,1,1,월 9 (4404-1),11 / 11,10,경상대학 통합모집 수강 가능
신입생세미나 (글로벌),1,Y11113906,신입생세미나(GBT),있음,N,N,Y,N,N,이근섭,1,1,월 9 (4411),10 / 11,4,경상대학 통합모집 수강 가능
신입생세미나 (글로벌),1,Y11113907,신입생세미나(GBT),있음,N,N,Y,N,N,배주호,1,1,월 9 (4415),8 / 11,4,경상대학 통합모집 수강 가능
신입생세미나 (글로벌),1,Y11113908,신입생세미나(GBT),있음,N,N,Y,N,N,이경율,1,1,월 9 (4417),10 / 11,3,경상대학 통합모집 수강 가능
신입생세미나 (글로벌),1,Y11113801,신입생세미나(국제금융학),있음,N,N,Y,N,N,백재승,1,1,월 10 (4219),12 / 12,6,경상대학 통합모집 수강 가능
신입생세미나 (글로벌),1,Y11113802,신입생세미나(국제금융학),있음,N,N,Y,N,N,이용웅,1,1,월 10 (4402),12 / 12,6,경상대학 통합모집 수강 가능
신입생세미나 (글로벌),1,Y11113803,신입생세미나(국제금융학),있음,N,N,Y,N,N,권태연,1,1,월 10 (4404),10 / 12,6,경상대학 통합모집 수강 가능
신입생세미나 (글로벌),1,Y11113804,신입생세미나(국제금융학),있음,N,N,Y,N,N,김용식,1,1,월 10 (4404-1),12 / 12,7,경상대학 통합모집 수강 가능
신입생세미나 (글로벌),1,Y11112C01,신입생세미나(그리스.불가리아학),있음,N,N,Y,N,N,김혜진(H),1,1,화 9 (1501),20 / 25,13,그리스학전공생
신입생세미나 (글로벌),1,Y11112C02,신입생세미나(그리스.불가리아학),있음,N,N,Y,N,N,Atanasova Lyudmila Atanasova,1,1,화 9 (1503),10 / 20,7,불가리아학전공생
신입생세미나 (글로벌),1,Y11113C01,신입생세미나(글로벌스포츠산업),있음,N,N,Y,N,N,김남수,1,1,화 10 (1511),16 / 19,15,Culture&Technology 융합대학 통합모집 수강 가능
신입생세미나 (글로벌),1,Y11113C02,신입생세미나(글로벌스포츠산업),있음,N,N,Y,N,N,박성희,1,1,화 10 (1509-1),19 / 19,22,Culture&Technology 융합대학 통합모집 수강 가능
신입생세미나 (글로벌),1,Y11113C03,신입생세미나(글로벌스포츠산업),있음,N,N,Y,N,N,이승필,1,1,화 10 (1501),17 / 19,22,Culture&Technology 융합대학 통합모집 수강 가능
신입생세미나 (글로벌),1,Y11113C04,신입생세미나(글로벌스포츠산업),있음,N,N,Y,N,N,류윤지,1,1,화 10 (1510),16 / 19,14,Culture&Technology 융합대학 통합모집 수강 가능
신입생세미나 (글로벌),1,Y11114701,신입생세미나(기후변화융합학부),있음,N,N,Y,N,N,남경식,1,1,금 9 (0301),25 / 25,37,
신입생세미나 (글로벌),1,Y11114702,신입생세미나(기후변화융합학부),있음,N,N,Y,N,N,박찬국,1,1,금 9 (0305),21 / 25,12,
신입생세미나 (글로벌),1,Y11111201,신입생세미나(독일어통번역),있음,N,N,Y,N,N,이재원,1,1,수 9 (1409-1),2 /,1,
신입생세미나 (글로벌),1,Y11113F01,신입생세미나(디지털콘텐츠학부),있음,N,N,Y,N,N,임대근,1,1,목 9 (0504),26 / 27,32,Culture&Technology 융합대학 통합모집 수강 가능
신입생세미나 (글로벌),1,Y11113F02,신입생세미나(디지털콘텐츠학부),있음,N,N,Y,N,N,김민형,1,1,목 9 (0505),23 / 27,14,Culture&Technology 융합대학 통합모집 수강 가능
신입생세미나 (글로벌),1,Y11112G01,신입생세미나(러시아학),있음,N,N,Y,N,N,추석훈,1,1,목 9 (1313),1 /,0,
신입생세미나 (글로벌),1,Y11112201,신입생세미나(루마니아어),있음,N,N,Y,N,N,박정오,1,1,목 10 (1411),13 / 17,12,국가전략언어계열 수강 가능
신입생세미나 (글로벌),1,Y11112202,신입생세미나(루마니아어),있음,N,N,Y,N,N,김정환,1,1,목 10 (1409-1),17 / 17,10,국가전략언어계열 수강 가능
신입생세미나 (글로벌),1,Y11111901,신입생세미나(말레이.인도네시아어통번역),있음,N,N,Y,N,N,송승원,1,1,금 9 (1509),1 /,0,
신입생세미나 (글로벌),1,Y11114001,신입생세미나(바이오메디컬공학),있음,N,N,Y,N,N,김보형,1,1,금 10 (5109),13 / 13,10,공과계열 수강 가능
신입생세미나 (글로벌),1,Y11114002,신입생세미나(바이오메디컬공학),있음,N,N,Y,N,N,고윤희,1,1,금 10 (5101),12 / 13,12,공과계열 수강 가능
신입생세미나 (글로벌),1,Y11114003,신입생세미나(바이오메디컬공학),있음,N,N,Y,N,N,남윤호,1,1,금 10 (0207),13 / 13,12,공과계열 수강 가능
신입생세미나 (글로벌),1,Y11114004,신입생세미나(바이오메디컬공학),있음,N,N,Y,N,N,우명균,1,1,금 10 (0309),7 / 13,2,공과계열 수강 가능
신입생세미나 (글로벌),1,Y11114005,신입생세미나(바이오메디컬공학),있음,N,N,Y,N,N,김모건,1,1,금 10 (0310),13 / 13,3,공과계열 수강 가능
신입생세미나 (글로벌),1,Y11114006,신입생세미나(바이오메디컬공학),없음,N,N,Y,N,N,강교원,1,1,금 10 (0311),3 / 13,0,공과계열 수강 가능
신입생세미나 (글로벌),1,Y11114G01,신입생세미나(반도체전자공학부(반도체공학전공)),있음,N,N,Y,N,N,김민준,1,1,월 9 (5312),13 / 14,27,공과계열 수강 가능
신입생세미나 (글로벌),1,Y11114G02,신입생세미나(반도체전자공학부(반도체공학전공)),있음,N,N,Y,N,N,임채강,1,1,월 9 (5314),13 / 14,16,공과계열 수강 가능
신입생세미나 (글로벌),1,Y11114G03,신입생세미나(반도체전자공학부(반도체공학전공)),있음,N,N,Y,N,N,부준호,1,1,월 9 (5405),13 / 14,8,공과계열 수강 가능
신입생세미나 (글로벌),1,Y11114G04,신입생세미나(반도체전자공학부(반도체공학전공)),없음,N,N,Y,N,N,신기철,1,1,월 9 (5406),14 / 14,3,공과계열 수강 가능
신입생세미나 (글로벌),1,Y11114H01,신입생세미나(반도체전자공학부(전자공학전공)),있음,N,N,Y,N,N,박영철,1,1,수 10 (5103-1),12 / 15,11,공과계열 수강 가능
신입생세미나 (글로벌),1,Y11114H02,신입생세미나(반도체전자공학부(전자공학전공)),있음,N,N,Y,N,N,이성현,1,1,수 10 (5212),11 / 15,6,공과계열 수강 가능
신입생세미나 (글로벌),1,Y11114H03,신입생세미나(반도체전자공학부(전자공학전공)),있음,N,N,Y,N,N,이정훈,1,1,수 10 (5311),15 / 15,14,공과계열 수강 가능
신입생세미나 (글로벌),1,Y11114H04,신입생세미나(반도체전자공학부(전자공학전공)),있음,N,N,Y,N,N,주정석,1,1,수 10 (5310),12 / 15,14,공과계열 수강 가능
신입생세미나 (글로벌),1,Y11112B01,신입생세미나(브라질학),있음,N,N,Y,N,N,윤택동,1,1,월 9 (1311),4 /,3,
신입생세미나 (글로벌),1,Y11113201,신입생세미나(사학),있음,N,N,Y,N,N,김상범,1,1,화 10 (4213),12 / 14,17,인문대학 통합모집 수강 가능
신입생세미나 (글로벌),1,Y11113202,신입생세미나(사학),있음,N,N,Y,N,N,여호규,1,1,화 10 (4214),13 / 14,10,인문대학 통합모집 수강 가능
신입생세미나 (글로벌),1,Y11113203,신입생세미나(사학),있음,N,N,Y,N,N,이근명,1,1,화 10 (4215),13 / 14,7,인문대학 통합모집 수강 가능
신입생세미나 (글로벌),1,Y11113204,신입생세미나(사학),있음,N,N,Y,N,N,최은진,1,1,화 10 (4402),11 / 14,5,인문대학 통합모집 수강 가능
신입생세미나 (글로벌),1,Y11114E01,신입생세미나(산업경영공학),있음,N,N,Y,N,N,윤재욱,1,1,월 10 (5403),7 / 9,7,공과계열 수강 가능
신입생세미나 (글로벌),1,Y11114E02,신입생세미나(산업경영공학),있음,N,N,Y,N,N,이석룡,1,1,월 10 (5203),9 / 9,7,공과계열 수강 가능
신입생세미나 (글로벌),1,Y11114E03,신입생세미나(산업경영공학),있음,N,N,Y,N,N,선지웅,1,1,월 10 (5207),9 / 9,4,공과계열 수강 가능
신입생세미나 (글로벌),1,Y11114E04,신입생세미나(산업경영공학),있음,N,N,Y,N,N,김문수,1,1,월 10 (5206),9 / 9,11,공과계열 수강 가능
신입생세미나 (글로벌),1,Y11114E05,신입생세미나(산업경영공학),있음,N,N,Y,N,N,최기석,1,1,월 10 (5208),8 / 9,5,공과계열 수강 가능
신입생세미나 (글로벌),1,Y11114E06,신입생세미나(산업경영공학),있음,N,N,Y,N,N,이충목,1,1,월 10 (5538),8 / 9,1,공과계열 수강 가능
신입생세미나 (글로벌),1,Y11114E07,신입생세미나(산업경영공학),있음,N,N,Y,N,N,Bernardo Nugroho Yahya,1,1,월 10 (5103),4 / 9,2,공과계열 수강 가능
신입생세미나 (글로벌),1,Y11114501,신입생세미나(생명공학),있음,N,N,Y,N,N,명희준,1,1,수 9 (0207),14 / 14,16,자연과학대학 통합모집 수강 가능
신입생세미나 (글로벌),1,Y11114502,신입생세미나(생명공학),있음,N,N,Y,N,N,박중찬,1,1,수 9 (0416),14 / 14,17,자연과학대학 통합모집 수강 가능
신입생세미나 (글로벌),1,Y11114503,신입생세미나(생명공학),있음,N,N,Y,N,N,이기원,1,1,수 9 (0305),13 / 14,14,자연과학대학 통합모집 수강 가능
신입생세미나 (글로벌),1,Y11114504,신입생세미나(생명공학),있음,N,N,Y,N,N,신경철,1,1,수 9 (0310),10 / 14,4,자연과학대학 통합모집 수강 가능
신입생세미나 (글로벌),1,Y11114505,신입생세미나(생명공학),있음,N,N,Y,N,N,신지혜,1,1,수 9 (0404),13 / 14,12,자연과학대학 통합모집 수강 가능
신입생세미나 (글로벌),1,Y11112501,신입생세미나(세르비아.크로아티아어),있음,N,N,Y,N,N,권혁재,1,1,수 9 (1513),17 / 19,14,국가전략언어계열 수강 가능
신입생세미나 (글로벌),1,Y11112502,신입생세미나(세르비아.크로아티아어),있음,N,N,Y,N,N,김상헌,1,1,수 9 (1510-1),15 / 19,11,국가전략언어계열 수강 가능
신입생세미나 (글로벌),1,Y11114101,신입생세미나(수학),있음,N,N,Y,N,N,최영수,1,1,화 9 (3311),9 / 9,6,자연과학대학 통합모집 수강 가능
신입생세미나 (글로벌),1,Y11114102,신입생세미나(수학),있음,N,N,Y,N,N,윤기현,1,1,화 9 (0207),4 / 9,2,자연과학대학 통합모집 수강 가능
신입생세미나 (글로벌),1,Y11114103,신입생세미나(수학),있음,N,N,Y,N,N,정미연,1,1,화 9 (0301),9 / 9,3,자연과학대학 통합모집 수강 가능
신입생세미나 (글로벌),1,Y11114104,신입생세미나(수학),있음,N,N,Y,N,N,곽민석,1,1,화 9 (0303),9 / 9,7,자연과학대학 통합모집 수강 가능
신입생세미나 (글로벌),1,Y11114105,신입생세미나(수학),있음,N,N,Y,N,N,최일규,1,1,화 9 (3310),9 / 9,2,자연과학대학 통합모집 수강 가능
신입생세미나 (글로벌),1,Y11111301,신입생세미나(스페인어통번역),있음,N,N,Y,N,N,전용갑,1,1,수 9 (1503),8 /,4,
신입생세미나 (글로벌),1,Y11112F01,신입생세미나(아프리카학),있음,N,N,Y,N,N,장용규,1,1,수 9 (1306),20 / 20,21,국가전략언어계열 수강 가능
신입생세미나 (글로벌),1,Y11112F02,신입생세미나(아프리카학),있음,N,N,Y,N,N,박정경,1,1,수 9 (1307),18 / 20,10,국가전략언어계열 수강 가능
신입생세미나 (글로벌),1,Y11112F03,신입생세미나(아프리카학),있음,N,N,Y,N,N,황규득,1,1,수 9 (1302),6 / 20,2,국가전략언어계열 수강 가능
신입생세미나 (글로벌),1,Y11113301,신입생세미나(언어인지과학),있음,N,N,Y,N,N,남지순,1,1,화 10 (4210),16 / 16,14,인문대학 통합모집 수강 가능
신입생세미나 (글로벌),1,Y11113302,신입생세미나(언어인지과학),있음,N,N,Y,N,N,전종섭,1,1,화 10 (4404-1),15 / 16,13,인문대학 통합모집 수강 가능
신입생세미나 (글로벌),1,Y11113303,신입생세미나(언어인지과학),있음,N,N,Y,N,N,이해윤,1,1,화 10 (4404),14 / 16,12,인문대학 통합모집 수강 가능
신입생세미나 (글로벌),1,Y11111101,신입생세미나(영어통번역),있음,N,N,Y,N,N,김지현,1,1,수 9 (1410),3 /,4,
신입생세미나 (글로벌),1,Y11112601,신입생세미나(우크라이나어),있음,N,N,Y,N,N,홍석우,1,1,화 9 (1310),18 /,15,
신입생세미나 (글로벌),1,Y11113D01,신입생세미나(융합인재),있음,N,N,Y,N,N,김상수,1,1,목 10 (0415),17 / 17,14,
신입생세미나 (글로벌),1,Y11113D02,신입생세미나(융합인재),있음,N,N,Y,N,N,정호정,1,1,목 10 (0207),12 / 17,3,
신입생세미나 (글로벌),1,Y11113D03,신입생세미나(융합인재),있음,N,N,Y,N,N,성승은,1,1,목 10 (0412),17 / 17,18,
신입생세미나 (글로벌),1,Y11113D04,신입생세미나(융합인재),있음,N,N,Y,N,N,최진영,1,1,목 10 (0305),17 / 17,13,
신입생세미나 (글로벌),1,Y11113D05,신입생세미나(융합인재),있음,N,N,Y,N,N,김수완,1,1,목 10 (0411),17 / 17,6,
신입생세미나 (글로벌),1,Y11113D06,신입생세미나(융합인재),있음,N,N,Y,N,N,임대근,1,1,목 10 (0413),17 / 17,11,
신입생세미나 (글로벌),1,Y11113D07,신입생세미나(융합인재),있음,N,N,Y,N,N,김민형,1,1,목 10 (0501),17 / 17,12,지식콘텐츠학부 수강 가능
신입생세미나 (글로벌),1,Y11112D01,신입생세미나(인도학),있음,N,N,Y,N,N,이은구,1,1,화 9 (1307),1 /,1,
신입생세미나 (글로벌),1,Y11111601,신입생세미나(일본어통번역),있음,N,N,Y,N,N,박민영,1,1,월 10 (1506),3 /,1,
신입생세미나 (글로벌),1,Y11113E01,신입생세미나(자유전공학부),있음,N,N,Y,N,N,최기석,1,1,수 9 (0412),45 / 20,76,융합전공 희망자 / 희망학과를 정하지 못 한 경우
신입생세미나 (글로벌),1,Y11113E02,신입생세미나(자유전공학부),있음,N,N,Y,N,N,김혜진(H),1,1,수 9 (0411),17 / 20,19,융합전공 희망자 / 희망학과를 정하지 못 한 경우
신입생세미나 (글로벌),1,Y11113E03,신입생세미나(자유전공학부),있음,N,N,Y,N,N,이승일,1,1,수 9 (0410),19 / 20,14,융합전공 희망자 / 희망학과를 정하지 못 한 경우 / 담당교수 변경(홍성민->이승일)
신입생세미나 (글로벌),1,Y11113E04,신입생세미나(자유전공학부),없음,N,N,Y,N,N,이용웅,1,1,수 9 (0505),19 / 20,13,경상계열(Finance&AI융합학부 포함)
신입생세미나 (글로벌),1,Y11113E05,신입생세미나(자유전공학부),있음,N,N,Y,N,N,권태연,1,1,수 10 (0511),21 / 25,12,경상계열(Finance&AI융합학부 포함) / 시간변경 (수9->수10)
신입생세미나 (글로벌),1,Y11113E06,신입생세미나(자유전공학부),있음,N,N,Y,N,N,김용식,1,1,수 9 (0509),23 / 25,11,경상계열(Finance&AI융합학부 포함)
신입생세미나 (글로벌),1,Y11113E07,신입생세미나(자유전공학부),없음,N,N,Y,N,N,이경율,1,1,수 9 (0503),15 / 25,8,경상계열(Finance&AI융합학부 포함)
신입생세미나 (글로벌),1,Y11113E09,신입생세미나(자유전공학부),있음,N,N,Y,N,N,장익범,1,1,수 10 (0506),19 / 25,11,공학계열 / 시간변경 (수9->수10)
신입생세미나 (글로벌),1,Y11113E10,신입생세미나(자유전공학부),없음,N,N,Y,N,N,우명균,1,1,수 9 (0409),9 / 20,4,BME+AI데이터융합학부
신입생세미나 (글로벌),1,Y11113E11,신입생세미나(자유전공학부),없음,N,N,Y,N,N,김민형,1,1,수 9 (0413),20 / 25,9,디지털콘텐츠학부
신입생세미나 (글로벌),1,Y11113E12,신입생세미나(자유전공학부),있음,N,N,Y,N,N,류윤지,1,1,수 9 (0515),21 / 25,12,글로벌스포츠산업학부/투어리즘&웰니스학부
신입생세미나 (글로벌),1,Y11113E13,신입생세미나(자유전공학부),없음,N,N,Y,N,N,이태욱,1,1,수 11 (0508),7 / 20,2,자연계열 / 시간변경 (수9->수11)
신입생세미나 (글로벌),1,Y11113E14,신입생세미나(자유전공학부),있음,N,N,Y,N,N,전종섭,1,1,수 10 (0504),12 / 20,7,어학계열 / 인문계열
신입생세미나 (글로벌),1,Y11114301,신입생세미나(전자물리학),있음,N,N,Y,N,N,유세기,1,1,화 9 (3409),13 / 16,19,자연과학대학 통합모집 수강 가능
신입생세미나 (글로벌),1,Y11114302,신입생세미나(전자물리학),있음,N,N,Y,N,N,이석주,1,1,월 10 (3315),16 / 16,15,자연과학대학 통합모집 수강 가능
신입생세미나 (글로벌),1,Y11114303,신입생세미나(전자물리학),없음,N,N,Y,N,N,김태경,1,1,화 9 (3315-1),14 / 16,3,자연과학대학 통합모집 수강 가능 / 교원변경:박윤규->김태경
신입생세미나 (글로벌),1,Y11114B01,신입생세미나(정보통신공학),있음,N,N,Y,N,N,한희일,1,1,금 10 (5213),9 / 11,8,공과계열 수강 가능
신입생세미나 (글로벌),1,Y11114B02,신입생세미나(정보통신공학),없음,N,N,Y,N,N,박상원,1,1,금 10 (5101-2),9 / 11,3,공과계열 수강 가능
신입생세미나 (글로벌),1,Y11114B03,신입생세미나(정보통신공학),있음,N,N,Y,N,N,김세화,1,1,금 10 (5206),11 / 11,8,공과계열 수강 가능
신입생세미나 (글로벌),1,Y11114B04,신입생세미나(정보통신공학),있음,N,N,Y,N,N,손경락,1,1,금 10 (5207),10 / 11,7,공과계열 수강 가능
신입생세미나 (글로벌),1,Y11114B05,신입생세미나(정보통신공학),있음,N,N,Y,N,N,전홍배,1,1,금 10 (5208),9 / 11,5,공과계열 수강 가능
신입생세미나 (글로벌),1,Y11112E01,신입생세미나(중앙아시아학),있음,N,N,Y,N,N,이지은,1,1,목 9 (1309),15 / 15,11,국가전략언어계열 수강 가능
신입생세미나 (글로벌),1,Y11112E02,신입생세미나(중앙아시아학),있음,N,N,Y,N,N,손영훈,1,1,목 9 (1302),13 / 15,4,국가전략언어계열 수강 가능
신입생세미나 (글로벌),1,Y11113101,신입생세미나(철학),있음,N,N,Y,N,N,김원명,1,1,월 10 (4210),7 / 11,7,인문대학 통합모집 수강 가능
신입생세미나 (글로벌),1,Y11113102,신입생세미나(철학),있음,N,N,Y,N,N,박치완,1,1,월 9 (4216),8 / 11,4,인문대학 통합모집 수강 가능
신입생세미나 (글로벌),1,Y11113103,신입생세미나(철학),있음,N,N,Y,N,N,홍성민,1,1,화 10 (4411),10 / 11,6,인문대학 통합모집 수강 가능
신입생세미나 (글로벌),1,Y11113104,신입생세미나(철학),있음,N,N,Y,N,N,이승일,1,1,수 10 (4411),11 / 11,9,인문대학 통합모집 수강 가능
신입생세미나 (글로벌),1,Y11112301,신입생세미나(체코.슬로바키아어),있음,N,N,Y,N,N,김인천,1,1,목 9 (1514),12 / 18,12,국가전략언어계열 수강 가능
신입생세미나 (글로벌),1,Y11112302,신입생세미나(체코.슬로바키아어),있음,N,N,Y,N,N,유선비,1,1,화 9 (1513),18 / 18,21,국가전략언어계열 수강 가능
신입생세미나 (글로벌),1,Y11114A01,신입생세미나(컴퓨터공학),있음,N,N,Y,N,N,김낙현,1,1,월 10 (5201),9 / 9,7,공과계열 수강 가능
신입생세미나 (글로벌),1,Y11114A02,신입생세미나(컴퓨터공학),없음,N,N,Y,N,N,김상철,1,1,월 10 (5202),8 / 9,2,공과계열 수강 가능
신입생세미나 (글로벌),1,Y11114A03,신입생세미나(컴퓨터공학),있음,N,N,Y,N,N,김승욱,1,1,월 10 (0301),8 / 9,4,공과계열 수강 가능
신입생세미나 (글로벌),1,Y11114A04,신입생세미나(컴퓨터공학),있음,N,N,Y,N,N,손기락,1,1,월 10 (5307),9 / 9,6,공과계열 수강 가능
신입생세미나 (글로벌),1,Y11114A05,신입생세미나(컴퓨터공학),있음,N,N,Y,N,N,신찬수,1,1,월 10 (0207),9 / 9,5,공과계열 수강 가능
신입생세미나 (글로벌),1,Y11114A06,신입생세미나(컴퓨터공학),있음,N,N,Y,N,N,윤일동,1,1,월 10 (5313),7 / 9,5,공과계열 수강 가능
신입생세미나 (글로벌),1,Y11114A07,신입생세미나(컴퓨터공학),있음,N,N,Y,N,N,이윤석,1,1,월 10 (5405),9 / 9,3,공과계열 수강 가능
신입생세미나 (글로벌),1,Y11114A08,신입생세미나(컴퓨터공학),있음,N,N,Y,N,N,이재혁,1,1,월 10 (5309),9 / 9,5,공과계열 수강 가능
신입생세미나 (글로벌),1,Y11114A09,신입생세미나(컴퓨터공학),있음,N,N,Y,N,N,임승호,1,1,월 10 (0209),8 / 9,0,공과계열 수강 가능
신입생세미나 (글로벌),1,Y11114A10,신입생세미나(컴퓨터공학),있음,N,N,Y,N,N,장익범,1,1,월 10 (0214),9 / 9,4,공과계열 수강 가능
신입생세미나 (글로벌),1,Y11114A11,신입생세미나(컴퓨터공학),있음,N,N,Y,N,N,전병환,1,1,월 10 (0213),7 / 9,5,공과계열 수강 가능
신입생세미나 (글로벌),1,Y11114A12,신입생세미나(컴퓨터공학),있음,N,N,Y,N,N,정대인,1,1,월 10 (5308),9 / 9,4,공과계열 수강 가능
신입생세미나 (글로벌),1,Y11114A13,신입생세미나(컴퓨터공학),있음,N,N,Y,N,N,정유진,1,1,월 10 (5506),8 / 9,8,공과계열 수강 가능
신입생세미나 (글로벌),1,Y11114A14,신입생세미나(컴퓨터공학),있음,N,N,Y,N,N,지수연,1,1,월 10 (0302),9 / 9,7,공과계열 수강 가능
신입생세미나 (글로벌),1,Y11114A15,신입생세미나(컴퓨터공학),있음,N,N,Y,N,N,최재영,1,1,월 10 (0212),8 / 9,7,공과계열 수강 가능
신입생세미나 (글로벌),1,Y11111701,신입생세미나(태국어통번역),있음,N,N,Y,N,N,이병도,1,1,화 9 (1510),3 /,1,
신입생세미나 (글로벌),1,Y11114201,신입생세미나(통계학),있음,N,N,Y,N,N,신기일,1,1,목 10 (0306),7 / 8,6,자연과학대학 통합모집 수강 가능
신입생세미나 (글로벌),1,Y11114202,신입생세미나(통계학),있음,N,N,Y,N,N,박흥선,1,1,목 10 (0302),8 / 8,2,자연과학대학 통합모집 수강 가능
신입생세미나 (글로벌),1,Y11114203,신입생세미나(통계학),있음,N,N,Y,N,N,최대우,1,1,목 10 (0304),5 / 8,3,자연과학대학 통합모집 수강 가능
신입생세미나 (글로벌),1,Y11114204,신입생세미나(통계학),있음,N,N,Y,N,N,강기훈,1,1,목 10 (0309),8 / 8,9,자연과학대학 통합모집 수강 가능
신입생세미나 (글로벌),1,Y11114205,신입생세미나(통계학),있음,N,N,Y,N,N,정석오,1,1,목 10 (0404),7 / 8,1,자연과학대학 통합모집 수강 가능
신입생세미나 (글로벌),1,Y11114206,신입생세미나(통계학),있음,N,N,Y,N,N,이태욱,1,1,목 10 (0409),7 / 8,6,자연과학대학 통합모집 수강 가능
신입생세미나 (글로벌),1,Y11114207,신입생세미나(통계학),있음,N,N,Y,N,N,이현주,1,1,목 10 (0410),8 / 8,0,자연과학대학 통합모집 수강 가능
신입생세미나 (글로벌),1,Y11113G01,신입생세미나(투어리즘&웰니스학부),있음,N,N,Y,N,N,김정현,1,1,금 10 (0409),28 / 28,29,Culture&Technology 융합대학 통합모집 수강 가능
신입생세미나 (글로벌),1,Y11113G02,신입생세미나(투어리즘&웰니스학부),있음,N,N,Y,N,N,정주연,1,1,금 10 (0404),21 / 28,11,Culture&Technology 융합대학 통합모집 수강 가능
신입생세미나 (글로벌),1,Y11112101,신입생세미나(폴란드어),있음,N,N,Y,N,Y,최성은,1,1,목 10 (1314),28 / 28,37,국가전략언어계열 수강 가능
신입생세미나 (글로벌),1,Y11112102,신입생세미나(폴란드어),있음,N,N,Y,N,N,이옥진,1,1,목 10 (1313),28 / 29,23,국가전략언어계열 수강 가능
신입생세미나 (글로벌),1,Y11112A01,신입생세미나(프랑스학),있음,N,N,Y,N,N,김응운,1,1,목 9 (1308),5 /,2,
신입생세미나 (글로벌),1,Y11112H01,신입생세미나(한국학),있음,N,N,Y,N,N,최현희,1,1,목 10 (1410),9 / 12,3,
신입생세미나 (글로벌),1,Y11112H02,신입생세미나(한국학),있음,N,N,Y,N,N,김태우,1,1,목 10 (1409-2),12 / 12,13,
신입생세미나 (글로벌),1,Y11112401,신입생세미나(헝가리어),있음,N,N,Y,N,N,한경민,1,1,화 9 (1514),18 / 19,12,국가전략언어계열 수강 가능
신입생세미나 (글로벌),1,Y11112402,신입생세미나(헝가리어),있음,N,N,Y,N,N,유진일,1,1,화 9 (1512),18 / 19,12,국가전략언어계열 수강 가능
신입생세미나 (글로벌),1,Y11114601,신입생세미나(화학),있음,N,N,Y,N,N,김용애,1,1,목 9 (0402),6 / 9,7,자연과학대학 통합모집 수강 가능
신입생세미나 (글로벌),1,Y11114602,신입생세미나(화학),있음,N,N,Y,N,N,김해조,1,1,목 9 (0305),8 / 9,11,자연과학대학 통합모집 수강 가능
신입생세미나 (글로벌),1,Y11114603,신입생세미나(화학),있음,N,N,Y,N,N,박진균,1,1,목 9 (0405),8 / 9,7,자연과학대학 통합모집 수강 가능
신입생세미나 (글로벌),1,Y11114604,신입생세미나(화학),있음,N,N,Y,N,N,은창선,1,1,목 9 (0404),8 / 9,5,자연과학대학 통합모집 수강 가능
신입생세미나 (글로벌),1,Y11114605,신입생세미나(화학),있음,N,N,Y,N,N,오정욱,1,1,목 9 (0306),8 / 9,5,자연과학대학 통합모집 수강 가능
신입생세미나 (글로벌),1,Y11114606,신입생세미나(화학),없음,N,N,Y,N,N,허성,1,1,목 9 (0304),8 / 9,8,자연과학대학 통합모집 수강 가능
신입생세미나 (글로벌),1,Y11114607,신입생세미나(화학),있음,N,N,Y,N,N,김도윤,1,1,목 9 (0409),8 / 9,3,자연과학대학 통합모집 수강 가능
신입생세미나 (글로벌),1,Y11114401,신입생세미나(환경학),있음,N,N,Y,N,N,이강웅,1,1,목 9 (0415),11 / 12,9,자연과학대학 통합모집 수강 가능
신입생세미나 (글로벌),1,Y11114402,신입생세미나(환경학),있음,N,N,Y,N,N,이태형,1,1,목 9 (0411),12 / 12,10,자연과학대학 통합모집 수강 가능
신입생세미나 (글로벌),1,Y11114403,신입생세미나(환경학),있음,N,N,Y,N,N,정태용,1,1,목 9 (0413),11 / 12,17,자연과학대학 통합모집 수강 가능
신입생세미나 (글로벌),1,Y11114404,신입생세미나(환경학),있음,N,N,Y,N,N,최용주,1,1,목 9 (0412),6 / 12,5,자연과학대학 통합모집 수강 가능
신입생세미나 (글로벌),1,Y11114405,신입생세미나(환경학),있음,N,N,Y,N,N,조재창,1,1,목 9 (0410),12 / 12,5,자연과학대학 통합모집 수강 가능
HUFS CAREER (글로벌),2,Y12103301,HUFS Career Design 진로설정과취.창업경력개발,있음,N,N,Y,N,N,강진,1,2,화 5 6 (2401),99 / 100,101,1학년 수강 금지 / HUFS Career Vision Mentoring 과 동일 교과목
HUFS CAREER (글로벌),2,Y12103302,HUFS Career Design 진로설정과취.창업경력개발,있음,N,N,Y,N,N,강진,1,2,화 7 8 (2401),99 / 100,111,1학년 수강 금지 / HUFS Career Vision Mentoring 과 동일 교과목
HUFS CAREER (글로벌),2,Y12103303,HUFS Career Design 진로설정과취.창업경력개발,있음,N,N,Y,N,N,강진,1,2,수 5 6 (2401),96 / 100,87,1학년 수강 금지 / HUFS Career Vision Mentoring 과 동일 교과목
HUFS CAREER (글로벌),2,Y12103304,HUFS Career Design 진로설정과취.창업경력개발,있음,N,N,Y,N,N,강진,1,2,수 7 8 (2401),99 / 100,81,1학년 수강 금지 / HUFS Career Vision Mentoring 과 동일 교과목
HUFS CAREER (글로벌),2,Y12103305,HUFS Career Design 진로설정과취.창업경력개발,있음,N,N,Y,N,N,오성찬,1,2,목 3 4 (2401),97 / 100,99,1학년 수강 금지 / HUFS Career Vision Mentoring 과 동일 교과목
HUFS CAREER (글로벌),2,Y12103306,HUFS Career Design 진로설정과취.창업경력개발,있음,N,N,Y,N,N,오성찬,1,2,목 5 6 (2401),99 / 100,139,1학년 수강 금지 / HUFS Career Vision Mentoring 과 동일 교과목
HUFS CAREER (글로벌),2,Y12103307,HUFS Career Design 진로설정과취.창업경력개발,있음,N,N,Y,N,N,오성찬,1,2,목 7 8 (2401),98 / 100,99,1학년 수강 금지 / HUFS Career Vision Mentoring 과 동일 교과목
HUFS CAREER (글로벌),2,Y12103308,HUFS Career Design 진로설정과취.창업경력개발,있음,N,N,Y,N,N,오성찬,1,2,금 3 4 (2401),96 / 100,80,1학년 수강 금지 / HUFS Career Vision Mentoring 과 동일 교과목
HUFS CAREER (글로벌),2,Y12103309,HUFS Career Design 진로설정과취.창업경력개발,있음,N,N,Y,N,N,오성찬,1,2,금 5 6 (2401),99 / 100,58,1학년 수강 금지 / HUFS Career Vision Mentoring 과 동일 교과목
HUFS CAREER (글로벌),2,Y12103310,HUFS Career Design 진로설정과취.창업경력개발,있음,N,N,Y,N,N,오성찬,1,2,금 7 8 (2401),98 / 100,77,1학년 수강 금지 / HUFS Career Vision Mentoring 과 동일 교과목
미래시뮬레이션 (글로벌),3,Y21167301,HUFS Pathfinder(실전취업준비전략) 1,있음,N,N,Y,N,N,윤석주,2,2,월 1 2 (2314),45 / 50,31,3학년 수강
미래시뮬레이션 (글로벌),3,Y21167302,HUFS Pathfinder(실전취업준비전략) 1,있음,N,N,Y,N,N,이승미,2,2,월 7 8 (2503),50 / 50,29,3학년 수강
미래시뮬레이션 (글로벌),3,Y21167303,HUFS Pathfinder(실전취업준비전략) 1,있음,N,N,Y,N,N,이지현,2,2,월 3 4 (2512),44 / 50,32,4학년 수강
미래시뮬레이션 (글로벌),3,Y21167304,HUFS Pathfinder(실전취업준비전략) 1,있음,N,N,Y,N,N,윤석주,2,2,월 5 6 (2314),45 / 50,40,4학년 수강
미래시뮬레이션 (글로벌),,U76395201,글로벌창업,있음,N,N,Y,N,N,최화준,2,2,화 7 8 (2503),59 / 60,84,
미래시뮬레이션 (글로벌),,U76010101,기술사업화사례및실습,있음,N,N,Y,N,N,이수찬,2,2,목 3 4 (2408),58 / 60,110,
미래시뮬레이션 (글로벌),,Y91120501,모의창업기획및실습,있음,N,N,Y,N,N,연규서,2,2,화 3 4 (2313),58 / 60,56,
미래시뮬레이션 (글로벌),,U72133101,사회봉사,있음,N,N,Y,N,N,문지희,2,2,금 10 11 (2305),25 /,18,이번학기 졸업예정자 수강 불가 / 교원변경 : 이강국->문지희
미래시뮬레이션 (글로벌),,Y91123201,사회적기업(소셜벤처)의이해와사례,있음,N,N,Y,N,N,우혜인,2,2,금 5 6 (2408),59 / 60,72,
미래시뮬레이션 (글로벌),,Y91195201,스타트업비즈니스모델전략,있음,N,N,Y,N,N,연규서,2,2,화 7 8 (2313),57 / 60,60,
미래시뮬레이션 (글로벌),,Y51106101,신재생에너지와자원재활용,있음,N,N,N,N,N,장유운,2,2,수 3 4 (2412),16 / 60,12,
미래시뮬레이션 (글로벌),,Y91121501,앙트레프레너십의이해,있음,N,N,Y,N,N,우혜인,2,2,금 3 4 (2408),54 / 60,52,
미래시뮬레이션 (글로벌),,Y51135101,여학생취업실전전략,있음,N,N,Y,N,N,이지현,2,2,화 3 4 (2412),59 / 60,41,"여학생전용강좌(3,4학년수강)"
미래시뮬레이션 (글로벌),,U76353101,용인학입문,있음,N,N,Y,N,N,김원명,2,2,수 5 6 (4213),15 / 60,12,
미래시뮬레이션 (글로벌),,U61106101,지구온난화와녹색성장,있음,N,N,N,N,N,장유운,2,2,수 5 6 (2412),53 / 60,44,
미래시뮬레이션 (글로벌),,Y91196201,창업실전전략및실무사례,있음,N,N,Y,N,N,박계현,2,2,금 3 4 (2407),11 / 60,13,
미래시뮬레이션 (글로벌),,Y91137101,특허와스타트업,있음,N,N,Y,N,N,이수찬,2,2,목 1 2 (2408),59 / 60,133,
실용외국어(선택) (글로벌),1,Y71101301,HUFS Survival English 1,있음,N,N,Y,N,N,이나경,2,2,월 1 2 (0513),18 / 30,15,IFLEP 3등급 수강생 우선 수강 권장 (기초가 약한 2등급자도 수강 가능)
실용외국어(선택) (글로벌),1,Y71101302,HUFS Survival English 1,있음,N,N,Y,N,N,이나경,2,2,월 7 8 (0513),27 / 30,20,IFLEP 3등급 수강생 우선 수강 권장 (기초가 약한 2등급자도 수강 가능)
실용외국어(선택) (글로벌),1,Y71101303,HUFS Survival English 1,있음,N,N,Y,N,N,정민하,2,2,수 1 2 (0413),28 / 30,17,IFLEP 3등급 수강생 우선 수강 권장 (기초가 약한 2등급자도 수강 가능)
실용외국어(선택) (글로벌),1,Y71101304,HUFS Survival English 1,있음,N,N,Y,N,N,정민하,2,2,수 7 8 (0411),28 / 30,18,IFLEP 3등급 수강생 우선 수강 권장 (기초가 약한 2등급자도 수강 가능)
실용외국어(선택) (글로벌),2,U71187201,드라마일본어1,있음,N,N,N,N,N,박성미,2,2,수 1 2 (1506-1),22 / 30,16,
실용외국어(선택) (글로벌),2,E01103401,실용영문법(실외),있음,N,N,N,N,N,김재량,2,2,화 1 2 (0508),28 / 30,21,
실용외국어(선택) (글로벌),2,E01103402,실용영문법(실외),있음,N,N,N,N,N,김재량,2,2,화 7 8 (0411),29 / 30,20,
실용외국어(선택) (글로벌),2,Y71110101,여행중국어,있음,N,N,N,N,N,김윤영,2,2,목 7 8 (1309),17 / 30,13,
실용외국어(선택) (글로벌),2,Y71129101,영어저널읽기,있음,N,N,N,N,N,김정민,2,2,월 7 8 (0409),25 / 30,19,
실용외국어(선택) (글로벌),3,Y71118102,TED로배우는영어,있음,N,N,N,N,N,최민이,2,2,목 5 6 (0413),18 / 30,23,
실용외국어(선택) (글로벌),3,Y71103101,실용영어글쓰기,있음,N,N,N,N,N,한승훈,2,2,화 5 6 (0411),8 / 30,5,
실용외국어(선택) (글로벌),,U71191301,J-POP일본어,있음,N,N,N,N,N,이정옥,2,2,목 5 6 (2508),23 / 30,34,
실용외국어(선택) (글로벌),,Y71117101,TOEIC듣기,있음,N,N,N,N,N,안지희,2,2,금 1 2 (0412),28 / 30,28,
실용외국어(선택) (글로벌),,Y71117102,TOEIC듣기,있음,N,N,N,N,N,안지희,2,2,금 5 6 (0412),20 / 30,28,
실용외국어(선택) (글로벌),,Y91107101,독일어의이해1,있음,N,N,N,N,N,김이천,2,2,월 7 8 (2312),17 / 30,14,
실용외국어(선택) (글로벌),,Y71116101,드라마로배우는영어,있음,N,N,N,N,N,이정현,2,2,월 5 6 (0413),29 / 30,68,
실용외국어(선택) (글로벌),,Y91109101,러시아어의이해1,있음,N,N,N,N,N,손현익,2,2,월 5 6 (1403),20 / 30,12,
실용외국어(선택) (글로벌),,Y71119201,미디어영어청취,있음,N,N,N,N,N,김다정,2,2,수 5 6 (0411),29 / 30,35,
실용외국어(선택) (글로벌),,Y71122101,실용스페인어기초다지기,있음,N,N,N,N,N,황순양,2,2,수 7 8 (2312),22 / 25,23,
실용외국어(선택) (글로벌),,Y71122102,실용스페인어기초다지기,있음,N,N,N,N,N,이강국,2,2,월 7 8 (1303),20 / 30,17,
실용외국어(선택) (글로벌),,Y91180201,아랍어의이해1,있음,N,N,N,N,N,이계연,2,2,목 5 6 (0503),4 / 30,5,
실용외국어(선택) (글로벌),,U71189301,애니메이션일본어,있음,N,N,N,N,N,김용미,2,2,금 3 4 (2311),21 / 30,24,
외국인을 위한 한국학 (글로벌),,U76332201,외국인을위한고급한국어,있음,N,N,N,N,N,송혜원,2,2,화 3 4 (2403-1),6 / 40,5,외국인전용강좌
외국인을 위한 한국학 (글로벌),,U76355201,외국인을위한말하기,있음,N,N,N,N,N,한윤정,2,2,수 1 2 (2310),20 / 40,13,외국인전용강좌
외국인을 위한 한국학 (글로벌),,U76330201,외국인을위한한국어1,있음,N,N,N,N,N,송혜원,2,2,목 3 4 (2411),18 / 40,10,외국인전용강좌
외국인을 위한 한국학 (글로벌),,U76331201,외국인을위한한국어2,있음,N,N,N,N,N,송혜원,2,2,목 5 6 (2411),17 / 40,14,외국인전용강좌
외국인을 위한 한국학 (글로벌),,U76402101,초급한국어회화,있음,N,N,N,N,N,한윤정,2,2,수 3 4 (2310),13 / 40,6,외국인전용강좌
생활과스포츠 (글로벌),,U71851201,스포츠의글로벌문화,있음,N,N,N,N,N,황의룡,2,2,화 7 8 (2305),20 / 60,19,
생활과스포츠 (글로벌),,U71856201,운동과건강,있음,N,N,N,N,N,신승아,2,2,금 3 4 (2503),15 / 60,10,
생활과스포츠 (글로벌),,U51623201,웰니스를위한신체활동,있음,N,N,N,N,N,김태영,2,2,수 1 2 (0401),45 / 60,27,
생활과스포츠 (글로벌),,Y21156301,웰빙시대의운동과다이어트,있음,N,N,N,N,N,신승아,2,2,금 1 2 (2503),48 / 60,49,
생활과스포츠 (글로벌),,U76118401,체육(골프),있음,N,N,Y,N,N,노재헌,1,2,화 7 8 (0511),29 / 30,36,
생활과스포츠 (글로벌),,U76311201,체육(농구),있음,N,N,Y,N,N,이택균,1,2,수 3 4 (0104),29 / 30,37,
생활과스포츠 (글로벌),,U51523401,체육(댄스스포츠),있음,N,N,Y,N,N,윤혜미,1,2,목 3 4 (6B01-무용실),13 / 30,15,
생활과스포츠 (글로벌),,U76314201,체육(레크리에이션),있음,N,N,Y,N,N,사혜지,1,2,목 3 4 (0511),25 / 30,60,
생활과스포츠 (글로벌),,U76316301,체육(세계의무용),있음,N,N,Y,N,N,윤혜미,1,2,목 5 6 (6B01-무용실),29 / 30,16,
생활과스포츠 (글로벌),,U71859301,체육(스킨스쿠버),있음,N,N,Y,N,N,노재헌,1,2,화 5 6 (0511),24 / 30,9,
생활과스포츠 (글로벌),,U76318201,체육(승마),있음,N,N,Y,N,N,사혜지,1,2,목 5 6 (0511),24 / 30,28,
생활과스포츠 (글로벌),,U76318202,체육(승마),있음,N,N,Y,N,N,강도한,1,2,목 7 8 (0508),26 / 30,32,
생활과스포츠 (글로벌),,U51512201,체육(야영생활과리더쉽),있음,N,N,Y,N,N,강창균,1,2,화 5 6 (0412),24 / 30,30,
생활과스포츠 (글로벌),,U51512202,체육(야영생활과리더쉽),있음,N,N,Y,N,N,김태영,1,2,수 3 4 (2303-2),21 / 30,39,
생활과스포츠 (글로벌),,U51512203,체육(야영생활과리더쉽),있음,N,N,Y,N,N,이택균,1,2,수 5 6 (0412),29 / 30,48,
생활과스포츠 (글로벌),,Y21157101,체육(여성호신술),있음,N,N,Y,N,N,박효주,1,2,목 3 4 (0104),22 / 30,19,여학생만 신청가능
생활과스포츠 (글로벌),,U76106201,체육(요가),있음,N,N,Y,N,N,문달콤,1,2,화 3 4 (6B01-무용실),28 / 30,34,
생활과스포츠 (글로벌),,U76106202,체육(요가),있음,N,N,Y,N,N,문달콤,1,2,화 5 6 (6B01-무용실),29 / 30,47,
생활과스포츠 (글로벌),,U71860301,체육(윈드서핑),있음,N,N,Y,N,N,이재문,1,2,목 7 8 (0413),35 / 40,40,
생활과스포츠 (글로벌),,U76117401,체육(탁구),있음,N,N,Y,N,N,강창균,1,2,화 3 4 (0104),29 / 30,55,
생활과스포츠 (글로벌),,U71857201,체육(휘트니스),있음,N,N,Y,N,N,이상호(체육),1,2,수 5 6 ( ),18 / 20,35,* 수업장소 : 왕산문화예술관 헬스장
군사학 (글로벌),3,U07301601,안보학,있음,N,N,N,N,Y,정광진,2,6,월 1 2 3 4 수 1 2 (2403-1),10 /,5,ROTC 전용 강의
군사학 (글로벌),4,U07302601,조직리더십,있음,N,N,N,N,Y,정광진,2,6,목 1 2 금 5 6 7 8 (2403-1),9 /,4,ROTC 전용 강의
